fid,id,all_2016,2001,2002,2003,2004,2005,2006,2007,2008,2009,2010,2011,2012,2013,2014,2015,2016,2017
01,0,363236,15350,15377,15222,15143,15278,15413,15586,15876,16209,16449,16702,16996,17295,17527,18090,18634,19104.75
0101,1,105479,2871,2975,3064,3212,3408,3609,3744,3930,4089,4186,4325,4427,4629,4794,5062,5254,5446
010111,2,14451,565,569,569,548,516,516,486,477,457,493,497,492,552,611,663,645,657.9107142857142
01011101,3,3090,84,77,73,71,72,68,64,76,49,71,41,82,99,101,103,105,107
01011102,4,202,0,6,6,9,6,6,0,3,6,9,3,6,6,6,6,7,7.5
01011103,5,5489,220,206,208,202,185,174,187,165,182,201,194,173,201,206,248,231,226.44642857142856
01011104,6,4560,246,255,264,251,223,235,211,199,199,193,226,200,196,235,245,238,238.64285714285714
01011105,7,1110,15,25,18,15,30,33,24,34,21,19,33,31,50,63,61,64,68.25
010112,8,10302,244,246,252,248,269,276,268,307,323,298,300,282,263,278,337,437,505.5
01011201,9,2026,74,72,74,73,72,82,82,83,83,91,82,65,70,54,63,73,76.25
01011202,10,549,18,13,19,15,16,22,12,18,24,21,24,12,17,12,27,33,38.5
01011203,11,962,20,28,34,38,36,22,18,19,19,19,27,24,25,46,45,42,44.285714285714285
01011204,12,6765,132,133,125,122,145,150,156,187,197,167,167,181,151,166,202,289,345.25
010113,13,51961,1279,1328,1387,1477,1595,1623,1730,1779,1805,1860,1880,1956,2035,2152,2287,2393,2499
01011301,14,6173,116,125,138,148,162,160,159,175,186,202,231,247,267,325,355,342,357.0178571428571
01011302,15,12281,462,485,500,531,584,568,611,642,631,647,625,648,606,584,566,569,563.8571428571429
01011303,16,8886,144,161,180,208,230,220,244,269,290,298,301,285,308,320,352,333,329.875
01011304,17,8479,219,210,208,204,228,238,264,260,257,274,273,286,295,309,329,361,385.5
01011305,18,7281,113,131,122,137,151,187,165,152,170,190,170,188,219,243,271,325,365
01011306,19,8861,225,216,239,249,240,250,287,281,271,249,280,302,340,371,414,463,506
010114,20,28765,783,832,856,939,1028,1194,1260,1367,1504,1535,1648,1697,1779,1753,1775,1779,1783
01011401,21,15751,460,478,470,538,571,667,636,694,820,759,821,838,946,908,923,937,951
01011402,22,13014,323,354,386,401,457,527,624,673,684,776,827,859,833,845,852,842,841.75
0102,23,81858,3720,3709,3648,3537,3483,3397,3373,3411,3454,3428,3415,3505,3581,3544,3749,3820,3891
010221,24,44897,1969,1973,1902,1856,1866,1866,1821,1839,1896,1800,1838,1878,1944,1931,1989,2003,2018.0535714285713
01022101,25,3451,136,136,135,130,125,114,115,106,95,87,100,113,131,154,161,169,180.23214285714286
01022102,26,6336,320,291,280,272,282,310,280,305,304,297,254,278,270,261,286,290,294
01022103,27,251,0,9,7,9,16,18,12,12,24,15,16,19,20,22,22,10,4.5
01022104,28,18040,788,803,794,758,741,724,706,741,754,736,766,814,754,752,771,776,781
01022105,29,5272,251,260,247,257,273,280,254,229,234,240,241,203,237,229,252,240,233.92857142857142
01022106,30,11547,474,474,439,430,429,420,454,446,485,425,461,451,532,513,497,518,534.3035714285714
010222,31,36961,1751,1736,1746,1681,1617,1531,1552,1572,1558,1628,1577,1627,1637,1613,1760,1817,1874
01022201,32,10783,540,537,534,515,503,464,465,439,443,415,424,414,463,477,538,577,615.25
01022202,33,1478,125,131,119,108,100,95,87,97,102,101,114,112,100,74,91,85,79.75
01022203,34,6886,366,358,372,357,334,309,330,340,358,383,349,396,360,342,373,384,392.75
01022204,35,5877,240,214,231,234,219,235,212,218,209,246,245,229,235,245,243,251,257
01022205,36,3236,146,156,168,143,147,142,160,168,158,163,150,159,171,166,180,209,225.75
01022206,37,3030,130,136,128,122,104,104,137,134,127,145,138,141,137,140,149,144,143.33928571428572
01022207,38,5671,204,204,194,202,210,182,161,176,161,175,157,176,171,169,186,167,161.25
0103,39,75187,4234,4207,4082,4023,4011,4005,4078,4154,4284,4405,4450,4519,4501,4513,4613,4737,4827
010331,40,38254,2076,2094,2040,2010,1946,1887,1894,1950,2048,2095,2133,2223,2258,2295,2346,2412,2467.9464285714284
01033101,41,26582,1440,1475,1408,1421,1385,1311,1320,1349,1417,1460,1536,1584,1603,1633,1653,1691,1729
01033102,42,11672,636,619,632,589,561,576,574,601,631,635,597,639,655,662,693,721,744.5
010332,43,36933,2158,2113,2042,2013,2065,2118,2184,2204,2236,2310,2317,2296,2243,2218,2267,2325,2360
01033201,44,12988,813,815,778,796,827,886,915,966,956,938,965,939,897,865,860,884,886.75
01033202,45,9780,486,448,443,438,461,443,456,453,495,547,545,540,533,532,551,549,551.1785714285714
01033203,46,14165,859,850,821,779,777,789,813,785,785,825,807,817,813,821,856,892,920.75
0104,47,100712,4525,4486,4428,4371,4376,4402,4391,4381,4382,4430,4512,4545,4584,4676,4666,4823,4922
010441,48,44371,1553,1517,1524,1523,1548,1580,1619,1627,1652,1704,1740,1705,1770,1868,1877,2045,2155.75
01044101,49,20282,770,724,722,740,720,706,764,825,805,816,812,791,818,862,866,942,992
01044102,50,15958,508,509,498,452,497,524,502,475,521,553,588,607,638,662,673,710,741.2857142857142
01044103,51,8131,275,284,304,331,331,350,353,327,326,335,340,307,314,344,338,393,426.5
010442,52,56341,2972,2969,2904,2848,2828,2822,2772,2754,2730,2726,2772,2840,2814,2808,2789,2778,2767
01044201,53,23529,1348,1397,1336,1328,1278,1368,1287,1332,1328,1311,1363,1367,1341,1271,1300,1257,1225.25
01044202,54,16699,822,796,783,763,766,715,713,706,666,717,733,783,760,769,757,766,775
01044203,55,16113,802,776,785,757,784,739,772,716,736,698,676,690,713,768,732,755,771.25
02,56,278393,12129,12252,12190,12238,12298,12183,12351,12600,12841,13116,13547,13606,13722,13784,14162,14391,14615.5
0201,57,40128,2664,2621,2609,2589,2539,2437,2481,2483,2465,2490,2544,2454,2403,2352,2262,2263,2248.857142857143
020101,58,40128,2664,2621,2609,2589,2539,2437,2481,2483,2465,2490,2544,2454,2403,2352,2262,2263,2248.857142857143
02010101,59,6133,472,416,407,425,387,368,371,343,339,339,325,309,312,306,300,344,363
02010102,60,13405,866,871,907,903,912,883,898,899,872,836,832,792,800,783,795,763,740.4107142857142
02010103,61,15524,912,899,888,862,879,853,907,899,948,959,1027,993,989,983,925,921,917
02010104,62,5066,414,435,407,399,361,333,305,342,306,356,360,360,302,280,242,235,228
0202,63,63540,3089,3069,2956,2996,2920,2884,2843,2878,2856,2878,3004,3015,3041,3074,3250,3231,3254.2678571428573
020202,64,63540,3089,3069,2956,2996,2920,2884,2843,2878,2856,2878,3004,3015,3041,3074,3250,3231,3254.2678571428573
02020201,65,643,9,6,9,10,19,19,15,22,16,22,19,12,27,19,49,70,86
02020202,66,5832,278,287,264,267,274,248,258,268,280,287,261,288,273,277,290,326,348.25
02020203,67,10696,436,430,402,407,429,476,464,477,481,489,490,493,515,547,563,578,593
02020204,68,12215,562,525,566,515,492,463,502,500,506,519,571,517,527,559,582,574,575.6785714285714
02020205,69,14982,712,702,707,728,730,712,710,732,689,683,718,693,647,655,681,651,635.375
02020206,70,19172,1092,1119,1008,1069,976,966,894,879,884,878,945,1012,1052,1017,1085,1032,1013.75
0203,71,48696,3041,2989,2784,2677,2555,2419,2344,2383,2401,2331,2389,2363,2325,2280,2278,2287,2279.75
020303,72,22391,1531,1457,1361,1288,1250,1221,1181,1203,1190,1124,1171,1095,1092,1040,1018,996,971.1964285714286
02030301,73,9186,619,621,583,552,545,496,510,474,474,445,491,432,441,407,386,399,394.7142857142857
02030302,74,13205,912,836,778,736,705,725,671,729,716,679,680,663,651,633,632,597,574.75
020304,75,26305,1510,1532,1423,1389,1305,1198,1163,1180,1211,1207,1218,1268,1233,1240,1260,1291,1313.25
02030401,76,15076,834,815,769,780,722,659,670,724,723,705,700,727,686,701,739,747,755
02030402,77,11229,676,717,654,609,583,539,493,456,488,502,518,541,547,539,521,544,560.8928571428571
0204,78,47439,1208,1260,1312,1350,1437,1504,1575,1632,1762,1900,1943,1960,2071,2106,2173,2274,2350
020405,79,23416,599,655,662,690,724,748,772,807,895,958,987,992,1087,1066,1100,1158,1200.4107142857142
02040501,80,5455,128,155,135,148,177,163,200,208,190,206,245,212,229,238,226,222,219.25
02040502,81,7146,186,184,214,216,210,206,202,215,272,273,237,282,283,287,304,311,318
02040503,82,10815,285,316,313,326,337,379,370,384,433,479,505,498,575,541,570,625,657.2678571428571
020407,83,24023,609,605,650,660,713,756,803,825,867,942,956,968,984,1040,1073,1116,1159
02040701,84,12260,293,291,317,332,340,375,398,438,432,469,491,473,465,466,478,526,553.25
02040702,85,10686,260,258,307,312,349,357,375,363,414,446,440,464,484,522,517,508,511.75
02040703,86,1077,56,56,26,16,24,24,30,24,21,27,25,31,35,52,78,82,86
0205,87,78590,2127,2313,2529,2626,2847,2939,3108,3224,3357,3517,3667,3814,3882,3972,4199,4336,4473
020506,88,29213,760,852,959,1027,1108,1101,1181,1220,1253,1333,1394,1385,1387,1492,1571,1602,1635.3035714285716
02050601,89,8817,200,231,266,284,292,292,288,296,272,330,366,366,376,422,415,406,411.25
02050602,90,20396,560,621,693,743,816,809,893,924,981,1003,1028,1019,1011,1070,1156,1196,1236
020508,91,49377,1367,1461,1570,1599,1739,1838,1927,2004,2104,2184,2273,2429,2495,2480,2628,2734,2823.9285714285716
02050801,92,18946,541,618,648,607,662,721,769,777,838,838,865,954,955,937,995,1019,1043
02050802,93,19985,553,538,600,666,706,746,746,792,809,834,881,920,983,994,1017,1044,1071
02050803,94,6716,183,199,199,211,220,199,233,233,245,263,279,293,291,289,335,363,388
02050804,95,3730,90,106,123,115,151,172,179,202,212,249,248,262,266,260,281,308,325.25
03,96,389976,13326,14048,14433,14899,15509,16139,16698,17680,18776,19368,20115,20752,21038,21510,22140,22643,23170
0301,97,15602,477,542,530,549,582,560,572,635,651,613,578,607,696,775,879,920,961
030101,98,15602,477,542,530,549,582,560,572,635,651,613,578,607,696,775,879,920,961
03010101,99,3687,111,114,105,104,110,93,106,121,126,128,131,129,152,182,234,263,292
03010102,100,11707,356,418,408,427,457,460,457,504,510,476,441,475,535,580,633,642,652.3035714285714
03010104,101,208,10,10,17,18,15,7,9,10,15,9,6,3,9,13,12,15,17.25
0302,102,44625,2000,2084,2056,1985,2004,2020,2051,2088,2187,2191,2272,2369,2420,2426,2553,2674,2767.75
030202,103,27108,1038,1133,1158,1146,1221,1235,1263,1263,1344,1331,1373,1494,1510,1489,1589,1647,1695.75
03020203,104,2094,61,62,72,62,60,63,63,53,53,57,63,90,94,103,119,110,111.75
03020209,105,14386,513,554,587,606,666,689,703,707,788,793,796,831,806,802,828,860,881.5
03020210,106,10628,464,517,499,478,495,483,497,503,503,481,514,573,610,584,642,677,703.3035714285714
030203,107,17517,962,951,898,839,783,785,788,825,843,860,899,875,910,937,964,1027,1072
03020307,108,17517,962,951,898,839,783,785,788,825,843,860,899,875,910,937,964,1027,1072
0303,109,33505,1369,1350,1315,1280,1275,1289,1316,1356,1424,1432,1468,1458,1505,1584,1643,1832,1961
030304,110,18790,891,857,831,821,810,803,857,918,938,966,992,990,992,1015,1016,1142,1211
03030405,111,10654,606,598,543,497,458,478,555,609,654,675,681,687,672,691,671,776,828.25
03030406,112,8136,285,259,288,324,352,325,302,309,284,291,311,303,320,324,345,366,382.75
030307,113,14715,478,493,484,459,465,486,459,438,486,466,476,468,513,569,627,690,750
03030711,114,6781,225,219,228,204,210,223,207,211,231,231,221,223,255,283,299,313,327
03030715,115,6789,226,247,226,227,232,235,227,211,225,211,218,204,225,249,295,346,389
03030716,116,1145,27,27,30,28,23,28,25,16,30,24,37,41,33,37,33,31,30
0304,117,86472,3186,3349,3458,3611,3660,3684,3712,3859,4062,4267,4486,4668,4711,4816,4976,4913,4947.75
030405,120,17602,768,773,797,829,792,734,720,764,809,792,853,859,842,817,844,833,828
03040508,121,4592,234,222,210,213,183,179,179,190,200,215,221,214,217,213,224,238,246.75
03040512,122,9620,394,423,451,461,460,428,394,422,437,396,438,447,450,418,436,445,449.01785714285717
03040513,123,3390,140,128,136,155,149,127,147,152,172,181,194,198,175,186,184,150,135.25
030406,124,35043,1318,1390,1453,1539,1621,1673,1717,1717,1840,1978,2048,2133,2156,2226,2325,2228,2221.75
03040614,125,35043,1318,1390,1453,1539,1621,1673,1717,1717,1840,1978,2048,2133,2156,2226,2325,2228,2221.75
030408,118,33827,1100,1186,1208,1243,1247,1277,1275,1378,1413,1497,1585,1676,1713,1773,1807,1852,1898
03040818,119,33827,1100,1186,1208,1243,1247,1277,1275,1378,1413,1497,1585,1676,1713,1773,1807,1852,1898
0305,126,51699,1650,1674,1696,1742,1739,1824,1884,2063,2208,2292,2418,2575,2603,2731,2860,3026,3173.25
030509,127,36497,1187,1195,1232,1273,1307,1359,1384,1532,1621,1678,1785,1906,1924,2060,2184,2313,2442
03050919,128,5565,159,134,132,152,137,130,131,154,171,189,197,202,189,239,281,309,337
03050920,129,7283,192,178,180,190,222,238,257,278,299,296,311,338,368,385,415,439,462.75
03050923,130,8909,321,312,312,312,294,321,313,328,370,400,434,496,512,532,546,543,550
03050924,131,5701,188,204,199,217,245,242,272,333,303,309,328,341,320,336,348,375,395.5
03050925,132,9039,327,367,409,402,409,428,411,439,478,484,515,529,535,568,594,647,688.25
030510,133,15202,463,479,464,469,432,465,500,531,587,614,633,669,679,671,676,713,737.875
03051017,134,4175,162,143,136,149,119,143,151,127,158,165,160,185,173,190,202,224,242.25
03051021,135,6518,159,181,165,154,171,162,180,223,199,203,246,256,264,258,267,268,269.25
03051022,136,4509,142,155,163,166,142,160,169,181,230,246,227,228,242,223,207,221,224.64285714285714
0306,137,100206,2659,2885,3085,3325,3593,3813,3977,4214,4539,4844,5116,5257,5350,5494,5474,5523,5578.5
030611,138,25156,634,661,768,806,917,995,1084,1156,1238,1281,1366,1370,1405,1437,1418,1456,1494
03061126,139,14985,404,419,463,505,553,582,621,629,721,689,759,778,799,795,813,821,829
03061131,140,10171,230,242,305,301,364,413,463,527,517,592,607,592,606,642,605,635,659.3035714285714
030612,141,26903,667,728,745,783,845,924,936,1042,1061,1127,1171,1187,1197,1225,1201,1212,1223
03061227,142,14452,396,440,442,456,488,512,529,608,621,681,760,754,769,804,736,721,706
03061228,143,12451,271,288,303,327,357,412,407,434,440,446,411,433,428,421,465,491,513.25
030613,144,22264,724,802,907,1012,1089,1199,1214,1266,1383,1437,1489,1549,1553,1548,1509,1464,1430.5
03061332,145,22264,724,802,907,1012,1089,1199,1214,1266,1383,1437,1489,1549,1553,1548,1509,1464,1430.5
030614,146,25883,634,694,665,724,742,695,743,750,857,999,1090,1151,1195,1284,1346,1391,1451.25
03061429,147,10024,225,223,209,201,212,214,266,256,283,266,294,297,308,330,334,338,346.5
03061430,148,3371,119,116,86,84,92,90,79,74,94,98,111,101,93,111,179,217,255
03061434,149,6133,173,187,193,235,230,201,179,192,213,275,294,337,365,373,369,383,397
03061435,150,3891,117,139,137,170,169,158,178,169,164,195,181,179,181,174,167,167,167
03061441,151,2464,0,29,40,34,39,32,41,59,103,165,210,237,248,296,297,286,292.75
0307,152,57867,1985,2164,2293,2407,2656,2949,3186,3465,3705,3729,3777,3818,3753,3684,3755,3755,3755
030715,153,25640,944,1024,1052,1127,1226,1314,1407,1533,1593,1600,1648,1690,1643,1599,1681,1751,1795.5
03071536,154,10642,373,416,392,420,456,481,560,656,689,710,722,750,740,713,721,690,669.75
03071537,155,14998,571,608,660,707,770,833,847,877,904,890,926,940,903,886,960,1061,1125.75
030716,156,32227,1041,1140,1241,1280,1430,1635,1779,1932,2112,2129,2129,2128,2110,2085,2074,2004,1960
03071633,157,2846,69,79,76,73,83,90,96,89,89,72,75,113,103,127,133,155,173.5
03071638,158,17062,538,596,656,684,747,864,888,954,1054,1103,1114,1123,1110,1092,1121,1117,1117.75
03071639,159,12319,434,465,509,523,600,681,795,889,969,954,940,892,897,866,820,732,668.75
04,160,330468,11478,11216,11148,11011,11043,10964,10949,11035,11128,11313,11478,11713,11895,12049,12621,13249,13744.5
0401,161,19122,678,629,637,623,607,639,615,656,726,764,779,835,881,859,924,1009,1062.25
040101,162,19122,678,629,637,623,607,639,615,656,726,764,779,835,881,859,924,1009,1062.25
04010101,163,10604,319,298,315,301,295,301,314,346,382,404,432,454,465,445,478,540,574.25
04010102,164,811,13,18,14,19,15,18,6,10,22,14,14,18,24,30,27,43,51.75
04010103,165,7707,346,313,308,303,297,320,295,300,322,346,333,363,392,384,419,426,436.25
0402,166,40248,1239,1230,1239,1251,1232,1233,1244,1219,1232,1241,1300,1276,1328,1330,1376,1529,1617.5
040202,167,12625,471,446,447,440,449,442,400,404,435,422,404,425,429,415,414,447,459.75
04020204,168,183,9,9,7,6,6,9,15,9,12,7,6,6,0,9,9,10,11
04020205,169,1282,67,70,54,60,52,54,34,47,47,52,26,52,56,48,55,59,60.75
04020206,170,2583,31,25,24,28,21,31,42,48,40,48,59,53,42,55,57,87,105.75
04020207,171,2584,98,103,80,72,118,85,74,58,91,103,92,102,111,87,88,73,59.75
04020208,172,2846,126,112,145,126,128,108,118,113,124,104,137,131,105,105,109,120,126.5
04020209,173,3147,140,127,137,148,124,155,117,129,121,108,84,81,115,111,96,98,98.03571428571428
040203,174,27623,768,784,792,811,783,791,844,815,797,819,896,851,899,915,962,1082,1157.75
04020310,175,623,32,27,24,36,26,30,33,25,12,15,15,9,12,6,19,12,8.642857142857142
04020311,176,14269,400,445,418,459,434,433,464,472,439,467,463,415,421,438,437,494,526.5
04020312,177,5273,136,129,146,142,146,132,141,134,172,142,185,173,156,173,196,223,246.5
04020313,178,7443,200,183,204,174,177,196,206,184,174,195,233,254,310,298,310,321,332
04020314,179,15,0,0,0,0,0,0,0,0,0,0,0,0,0,0,0,32,48
0403,180,140255,5145,5092,5020,4966,4974,4919,4905,4959,4915,4907,4943,5017,5084,5128,5415,5632,5823.25
040304,181,24086,956,952,977,966,984,984,968,955,980,939,988,982,995,1018,1075,1086,1097
04030415,182,2762,49,43,45,50,60,66,70,69,67,67,74,60,63,65,68,72,75.25
04030416,183,10489,535,571,545,526,552,501,488,470,487,424,501,539,498,503,536,531,536.5
04030417,184,10835,372,338,387,390,372,417,410,416,426,448,413,383,434,450,471,483,495
040305,185,15108,546,523,514,473,468,464,464,511,537,520,535,532,539,535,592,595,598
04030518,186,9428,377,345,346,308,320,305,290,313,325,333,330,329,323,315,337,333,329.2321428571429
04030519,187,5680,169,178,168,165,148,159,174,198,212,187,205,203,216,220,255,262,269
040306,188,26290,1010,971,953,973,973,966,966,970,888,902,875,941,933,973,1032,1089,1142.25
04030620,189,8450,320,329,307,289,316,290,301,330,294,296,302,307,310,309,312,349,368
04030621,190,2956,137,120,105,117,139,117,113,103,107,134,134,119,122,110,113,96,85.25
04030622,191,10268,406,365,375,400,369,377,378,363,316,311,276,335,316,357,380,421,457.5
04030623,192,4616,147,157,166,167,149,182,174,174,171,161,163,180,185,197,227,223,225.14285714285714
040307,193,23712,889,881,886,843,905,899,947,929,897,832,835,813,869,852,870,911,931.75
04030724,194,6354,259,262,266,243,236,242,246,270,262,228,222,197,183,183,187,230,252.5
04030725,195,11929,462,444,440,442,499,468,492,461,450,437,452,449,486,474,488,468,458.5
04030726,196,5429,168,175,180,158,170,189,209,198,185,167,161,167,200,195,195,213,220.80357142857144
040308,197,21407,749,779,725,722,703,690,666,722,722,768,749,746,745,748,771,787,801.5
04030827,198,12074,427,435,407,418,380,351,389,423,428,459,457,470,440,458,470,490,507.5
04030828,199,9333,322,344,318,304,323,339,277,299,294,309,292,276,305,290,301,297,294
040309,200,14982,520,482,457,491,478,449,451,448,474,506,525,546,504,524,569,639,690.25
04030929,201,5768,244,218,198,198,197,210,183,217,202,210,222,229,181,212,210,229,245.75
04030930,202,5563,208,180,178,212,187,163,193,152,176,194,185,210,214,189,220,214,212.5
04030931,203,3651,68,84,81,81,94,76,75,79,96,102,118,107,109,123,139,196,232
040310,204,14670,475,504,508,498,463,467,443,424,417,440,436,457,499,478,506,525,540.4642857142858
04031032,205,14670,475,504,508,498,463,467,443,424,417,440,436,457,499,478,506,525,540.4642857142858
0404,206,51368,1734,1725,1663,1636,1663,1619,1599,1574,1617,1687,1781,1786,1841,1838,1880,1917,1954
040411,207,18714,565,560,547,572,597,540,550,534,534,542,607,631,675,677,723,728,742.5
04041133,208,33,0,0,0,6,0,0,0,3,0,0,0,0,0,0,0,0,0
04041134,209,5073,127,110,130,158,178,145,177,144,159,146,165,177,198,184,224,215,217
04041135,210,2735,86,83,75,64,77,70,76,96,83,108,137,99,109,109,97,94,91
04041136,211,3003,90,92,73,94,92,94,93,86,93,94,84,88,68,85,94,115,132
04041137,212,7870,262,275,269,250,250,231,204,205,199,194,221,267,300,299,308,304,304
040412,213,14382,469,470,461,432,438,470,471,448,491,507,550,527,527,528,526,555,569.25
04041238,214,5650,196,210,191,168,175,163,168,165,210,239,246,239,238,227,217,247,257.375
04041239,215,190,3,9,7,3,3,6,6,0,3,3,3,6,6,0,3,11,14.25
04041240,216,1522,50,39,52,59,67,92,80,64,73,53,77,42,49,45,51,48,45
04041241,217,7020,220,212,211,202,193,209,217,219,205,212,224,240,234,256,255,249,251.25
040413,218,18272,700,695,655,632,628,609,578,592,592,638,624,628,639,633,631,634,637
04041342,219,4025,118,119,105,106,86,79,92,82,95,96,79,112,102,112,115,129,139.25
04041343,220,3548,112,122,131,122,130,133,85,122,120,124,117,118,113,117,125,133,140
04041344,221,10699,470,454,419,404,412,397,401,388,377,418,428,398,424,404,391,372,354.25
0405,222,79407,2676,2537,2586,2532,2567,2551,2586,2627,2638,2714,2675,2796,2761,2894,3022,3162,3297.25
040514,223,31052,933,884,875,856,905,895,940,947,965,1047,984,986,1032,1099,1131,1143,1156.7857142857142
04051445,224,6253,167,168,173,167,174,184,191,205,208,222,239,213,217,252,241,239,242.44642857142856
04051446,225,10527,325,315,318,316,313,320,347,330,353,371,338,343,373,385,390,410,424.25
04051447,226,5275,138,178,185,155,201,178,194,197,188,224,188,166,195,178,195,177,167.96428571428572
04051448,227,8997,303,223,199,218,217,213,208,215,216,230,219,264,247,284,305,317,329
040515,228,14531,493,466,483,508,501,494,496,458,465,466,484,527,500,525,576,700,781
04051549,229,4781,121,123,134,158,149,159,141,144,120,127,150,159,163,179,241,291,335.5
04051550,230,5413,183,177,194,191,173,177,191,172,175,190,166,215,191,185,177,204,214.01785714285714
04051551,231,4337,189,166,155,159,179,158,164,142,170,149,168,153,146,161,158,205,231.5
040516,232,33824,1250,1187,1228,1168,1161,1162,1150,1222,1208,1201,1207,1283,1229,1270,1315,1319,1328.1964285714284
04051652,233,9655,317,311,339,326,316,317,316,343,348,315,272,324,321,297,328,355,370.25
04051653,234,6629,221,210,217,199,186,208,169,198,190,196,245,245,191,234,236,237,241.71428571428572
04051654,235,3016,68,91,81,74,82,77,56,64,88,86,88,73,75,91,85,87,89
04051655,236,6989,299,284,274,264,263,238,272,273,262,280,280,297,304,325,336,319,318.5
04051656,237,7535,345,291,317,305,314,322,337,344,320,324,322,344,338,323,330,321,314.5
0406,238,68,6,3,3,3,0,3,0,0,0,0,0,3,0,0,4,0,0
040617,239,68,6,3,3,3,0,3,0,0,0,0,0,3,0,0,4,0,0
04061757,240,68,6,3,3,3,0,3,0,0,0,0,0,3,0,0,4,0,0
05,241,234630,9853,9793,9573,9315,9094,8769,8762,8915,9201,9273,9682,10038,10393,10745,11429,11981,12516
0501,242,99469,4257,4176,4103,4004,3836,3812,3708,3812,3848,3896,4049,4267,4311,4442,4832,5071,5310
050101,243,23732,919,884,897,855,849,907,873,899,880,865,870,865,888,895,947,1022,1074.25
05010101,244,10550,452,446,447,440,449,494,470,486,485,481,475,500,524,521,554,559,566.1785714285714
05010102,245,5789,188,179,173,155,169,163,147,148,136,130,147,139,149,148,166,186,200.25
05010103,246,7393,279,259,277,260,231,250,256,265,259,254,248,226,215,226,227,277,305
050102,247,40040,1718,1713,1671,1652,1579,1537,1501,1543,1555,1596,1679,1807,1828,1887,1995,2067,2139
05010204,248,3180,123,140,124,124,110,101,107,161,128,154,143,165,164,136,146,173,182.33928571428572
05010205,249,1902,133,111,92,96,83,97,91,87,77,76,74,85,61,70,66,57,53.32142857142857
05010206,250,10113,449,438,393,356,366,345,352,361,369,388,386,428,445,440,483,503,522.5
05010207,251,11300,530,520,532,511,482,519,508,504,511,520,599,573,581,631,636,646,664.75
05010208,252,7482,272,306,303,327,325,257,282,252,272,259,284,344,386,400,435,453,474.25
05010209,253,6063,211,198,227,238,213,218,161,178,198,199,193,212,191,210,229,235,241
050103,254,35697,1620,1579,1535,1497,1408,1368,1334,1370,1413,1435,1500,1595,1595,1660,1890,1982,2074
05010310,255,3833,139,126,134,138,128,125,123,133,127,117,148,172,199,176,197,209,221
05010311,256,5566,269,276,261,265,254,248,229,250,259,275,266,333,319,312,322,316,313.75
05010312,257,7016,384,355,356,346,319,287,280,269,305,323,371,374,361,406,444,454,468.4821428571429
05010313,258,6584,299,297,288,289,274,266,291,254,258,279,263,259,245,273,343,335,327.875
05010314,259,11891,518,516,484,443,421,431,399,451,458,435,440,442,459,478,519,557,591
05010339,260,807,11,9,12,16,12,11,12,13,6,6,12,15,12,15,65,111,147.25
0502,261,87434,3757,3702,3593,3473,3434,3266,3303,3268,3459,3462,3590,3773,3793,3908,4191,4406,4613
050204,262,23332,1014,948,903,868,901,842,831,802,865,868,841,896,878,876,901,922,938.25
05020415,263,3926,223,209,196,192,194,163,152,146,141,154,140,147,127,137,135,127,122.80357142857143
05020416,264,1733,71,54,62,65,52,63,35,34,31,53,47,60,54,46,45,43,41
05020417,265,5787,189,213,189,199,235,200,212,188,211,185,163,187,163,154,169,196,211
05020418,266,4032,179,184,172,162,176,156,152,155,177,163,161,173,174,154,165,182,188.25
05020419,267,6940,298,244,234,211,212,228,244,243,272,280,287,276,318,342,344,322,317.5
05020420,268,914,54,44,50,39,32,32,36,36,33,33,43,53,42,43,43,52,56.75
050205,269,27976,1420,1450,1447,1384,1345,1286,1304,1287,1394,1387,1476,1540,1541,1639,1703,1817,1914.5
05020521,270,3053,170,194,166,148,145,145,150,152,155,139,167,153,144,155,168,163,160.92857142857144
05020522,271,7236,419,411,402,376,334,305,337,339,363,355,365,393,410,468,537,541,553.4821428571429
05020523,272,11548,608,619,659,667,659,675,652,668,710,746,786,832,846,869,825,918,970.375
05020524,273,6139,223,226,220,193,207,161,165,128,166,147,158,162,141,147,173,195,214
050206,274,36126,1323,1304,1243,1221,1188,1138,1168,1179,1200,1207,1273,1337,1374,1393,1587,1667,1747
05020625,275,7406,278,266,264,255,244,229,239,229,247,240,236,228,242,267,288,300,312
05020626,276,18333,648,632,614,628,614,576,592,603,611,629,661,714,724,751,893,978,1062.75
05020627,277,3979,190,206,186,185,179,173,178,153,174,155,185,214,234,211,231,220,213.75
05020628,278,2002,79,68,70,36,47,46,43,51,49,58,58,56,61,66,77,68,67.19642857142857
05020629,279,4406,128,132,109,117,104,114,116,143,119,125,133,125,113,98,98,101,98.875
0503,280,28146,1122,1184,1133,1125,1140,1031,1097,1153,1194,1245,1311,1292,1407,1488,1507,1557,1607
050307,281,15438,608,668,651,643,629,582,611,650,649,672,670,682,769,801,814,816,828.25
05030730,282,3863,174,202,195,201,199,204,203,234,210,220,248,245,263,273,259,271,283
05030731,283,11575,434,466,456,442,430,378,408,416,439,452,422,437,506,528,555,545,552.25
050308,284,12708,514,516,482,482,511,449,486,503,545,573,641,610,638,687,693,741,778.75
05030832,285,11392,461,471,448,453,468,421,462,465,504,511,564,540,570,597,607,614,626.75
05030833,286,1316,53,45,34,29,43,28,24,38,41,62,77,70,68,90,86,127,152
0504,287,19581,717,731,744,713,684,660,654,682,700,670,732,706,882,907,899,947,995
050409,288,19581,717,731,744,713,684,660,654,682,700,670,732,706,882,907,899,947,995
05040934,289,3812,108,119,112,131,121,128,125,112,102,116,130,97,167,187,166,187,205.08928571428572
05040935,290,409,9,3,16,7,9,13,8,13,12,6,9,6,15,27,19,15,14
05040936,291,9661,403,394,404,357,368,344,326,359,383,346,378,400,495,502,527,526,533.5
05040937,292,2125,77,74,63,76,64,74,71,77,61,59,80,71,71,66,52,72,79.25
05040938,293,3574,120,141,149,142,122,101,124,121,142,143,135,132,134,125,135,147,153.25
06,294,299765,12137,12005,11814,11609,11571,11582,11453,11492,11684,11879,12001,12152,12244,12253,12548,12966,13251
0601,295,73727,2802,2799,2770,2751,2784,2838,2801,2807,2816,2894,2969,3095,3136,3185,3242,3271,3312
060101,296,21720,918,933,916,894,897,920,880,854,820,830,841,890,895,938,952,955,970.75
06010101,297,6791,284,278,271,299,295,276,291,256,271,242,265,256,233,225,232,217,207.01785714285714
06010102,298,8644,372,379,352,353,355,338,303,311,288,343,315,362,380,407,408,435,458.7678571428571
06010103,299,6285,262,276,293,242,247,306,286,287,261,245,261,272,282,306,312,303,306
060102,300,52007,1884,1866,1854,1857,1887,1918,1921,1953,1996,2064,2128,2205,2241,2247,2290,2316,2342
06010204,301,6854,231,233,229,244,277,272,240,279,295,318,302,335,287,285,282,295,300.25
06010205,302,9480,417,379,357,370,392,339,364,381,348,390,398,425,417,455,444,422,417.75
06010206,303,7609,249,278,279,249,278,308,292,315,306,331,302,322,361,324,354,347,341.75
06010207,304,7751,233,261,261,305,293,312,324,291,319,297,299,334,326,342,336,317,310
06010208,305,6484,254,191,234,214,201,214,226,226,225,240,276,264,287,254,287,304,314.0178571428571
06010209,306,8987,311,349,321,308,302,293,287,287,328,321,369,331,331,344,352,367,379.75
06010210,307,4842,189,175,173,167,144,180,188,174,175,167,182,194,232,243,235,264,283.9642857142857
0602,308,77112,3196,3150,3030,2921,2872,2840,2742,2750,2833,2863,2951,2972,3055,3096,3202,3373,3495.25
060203,309,42120,1608,1606,1535,1500,1489,1471,1371,1380,1428,1479,1568,1598,1664,1709,1752,1839,1904.5357142857142
06020301,310,4985,224,178,197,191,206,178,168,187,143,171,180,197,184,183,192,197,202
06020302,311,5451,214,206,207,197,209,192,184,159,209,188,165,194,186,191,204,201,198
06020303,312,7320,229,253,213,228,241,240,217,232,226,264,293,305,337,356,351,375,399
06020304,313,6815,240,229,214,228,201,258,225,210,235,237,287,240,258,287,275,281,288.25
06020305,314,11153,453,462,444,413,365,366,364,365,400,382,428,437,459,461,464,512,537.25
06020306,315,6396,248,278,260,243,267,237,213,227,215,237,215,225,240,231,266,273,280
060204,316,34992,1588,1544,1495,1421,1383,1369,1371,1370,1405,1384,1383,1374,1391,1387,1450,1534,1590.75
06020407,317,4815,210,202,195,173,150,176,208,216,196,240,239,231,236,228,263,252,251.14285714285714
06020408,318,6710,260,270,245,218,215,187,188,206,213,223,218,211,249,263,287,301,315
06020409,319,8092,339,336,363,339,311,322,341,324,375,299,289,323,300,328,327,360,383.25
06020410,320,7027,354,339,308,312,314,322,311,293,283,276,280,245,250,238,265,286,300.25
06020411,321,8348,425,397,384,379,393,362,323,331,338,346,357,364,356,330,308,335,343.83928571428567
0603,322,81119,3275,3233,3194,3115,3132,3096,3144,3108,3088,3138,3161,3169,3236,3220,3305,3429,3508.25
060305,323,33544,1316,1258,1272,1242,1231,1195,1228,1189,1199,1206,1191,1227,1226,1214,1277,1361,1415.75
06030501,324,5822,230,219,218,234,208,236,216,221,226,212,202,213,200,204,209,222,230.75
06030502,325,5417,182,180,178,164,206,181,184,175,154,166,150,164,185,206,213,231,247
06030503,326,11335,467,419,444,396,404,381,441,415,431,421,414,414,452,433,456,479,491.5
06030504,327,10970,437,440,432,448,413,397,387,378,388,407,425,436,389,371,399,429,446.5
060306,328,47575,1959,1975,1922,1873,1901,1901,1916,1919,1889,1932,1970,1942,2010,2006,2028,2068,2095.4464285714284
06030605,329,6898,271,272,268,233,246,246,235,237,252,263,282,244,255,264,268,254,250.01785714285714
06030606,330,5219,250,259,255,243,261,209,195,194,207,218,219,199,189,196,182,208,219.25
06030607,331,3146,103,105,115,109,110,118,115,113,121,120,102,127,105,122,114,108,106.21428571428572
06030608,332,12308,427,425,444,455,456,460,455,470,462,504,505,515,558,537,565,596,615.6428571428571
06030609,333,11859,471,511,444,458,448,465,506,512,466,481,470,508,531,521,562,557,562.25
06030610,334,8145,437,403,396,375,380,403,410,393,381,346,392,349,372,366,337,345,347.57142857142856
0604,335,67807,2864,2823,2820,2822,2783,2808,2766,2827,2947,2984,2920,2916,2817,2752,2799,2893,2935.5
060407,336,25789,1078,1053,1018,1022,1014,1071,993,1041,1073,1132,1101,1127,1131,1115,1101,1125,1137.8928571428573
06040701,337,9794,394,363,356,350,360,377,371,360,378,417,409,432,428,450,456,457,464.5
06040702,338,5315,277,285,276,282,286,291,214,226,262,257,266,253,241,220,238,245,247.75
06040703,339,10680,407,405,386,390,368,403,408,455,433,458,426,442,462,445,407,423,431.3571428571429
060408,340,42018,1786,1770,1802,1800,1769,1737,1773,1786,1874,1852,1819,1789,1686,1637,1698,1768,1806
06040804,341,7422,348,344,342,296,341,269,321,342,303,272,293,322,284,270,280,303,313.5
06040805,342,5296,183,210,204,219,193,241,187,164,191,221,182,206,226,229,239,214,204.75
06040806,343,7296,295,321,309,311,318,302,274,216,280,273,278,239,226,229,252,258,264
06040807,344,5728,235,198,205,228,198,202,220,259,233,217,215,213,233,220,237,224,218.5
06040808,345,4348,256,233,267,282,240,215,277,317,334,347,303,302,273,255,251,304,325
06040809,346,4979,204,206,207,202,236,241,241,211,236,255,238,231,181,177,184,192,196.75
06040810,347,6949,265,258,268,262,243,267,253,277,297,267,310,276,263,257,255,273,280
07,348,341161,14637,14366,13948,13675,13478,13138,13001,13128,13294,13406,13828,13934,14038,14203,14908,15456,15947.5
0701,349,49235,2336,2268,2178,2095,2124,2083,1999,1980,1995,1947,1921,1879,1850,1961,2061,2058,2055
070101,350,49235,2336,2268,2178,2095,2124,2083,1999,1980,1995,1947,1921,1879,1850,1961,2061,2058,2055
07010101,351,9689,336,309,291,275,273,263,283,264,280,291,273,288,311,301,338,398,434.75
07010102,352,15817,803,748,757,710,740,692,661,653,660,591,588,564,567,605,640,599,576.4464285714286
07010103,353,10080,450,459,421,396,442,459,427,417,414,403,419,407,360,398,399,419,438.75
07010104,354,13649,747,752,709,714,669,669,628,646,641,662,641,620,612,657,684,642,626.6428571428571
0702,355,49967,2110,2130,2093,2043,1996,2009,2019,2064,2005,2072,2100,2100,2173,2136,2272,2280,2298.3214285714284
070202,356,49967,2110,2130,2093,2043,1996,2009,2019,2064,2005,2072,2100,2100,2173,2136,2272,2280,2298.3214285714284
07020201,357,10435,372,425,389,368,365,371,387,435,366,387,409,407,397,381,370,367,364
07020202,358,10122,370,367,342,324,345,382,380,379,373,387,405,438,452,422,483,487,496.75
07020203,359,17659,864,845,855,838,816,779,787,779,777,799,796,724,780,779,848,833,822.1964285714287
07020204,360,11751,504,493,507,513,470,477,465,471,489,499,490,531,544,554,571,593,610.75
0703,361,45520,2075,2090,2056,2096,2066,2011,1977,2060,2101,2112,2137,2100,2066,2007,2084,2099,2111
070303,362,45520,2075,2090,2056,2096,2066,2011,1977,2060,2101,2112,2137,2100,2066,2007,2084,2099,2111
07030301,363,24069,1003,1009,994,1044,1040,1025,1006,1055,1081,1082,1109,1065,1057,1032,1072,1083,1092.25
07030302,364,9237,433,441,427,404,411,432,378,409,415,403,390,427,406,399,414,428,437
07030303,365,12214,639,640,635,648,615,554,593,596,605,627,638,608,603,576,598,588,579.5
0704,366,63310,2420,2379,2354,2320,2357,2315,2330,2377,2446,2539,2573,2620,2650,2778,2925,3078,3223.25
070404,367,63310,2420,2379,2354,2320,2357,2315,2330,2377,2446,2539,2573,2620,2650,2778,2925,3078,3223.25
07040401,368,17775,655,613,671,671,677,703,635,668,683,727,707,754,794,799,889,917,945
07040402,369,2114,68,76,70,52,64,60,51,63,68,51,57,52,56,58,60,107,131.5
07040403,370,23662,923,980,897,925,914,863,898,860,890,958,992,1046,985,1019,1048,1069,1091.5892857142858
07040404,371,5062,200,185,165,175,193,172,193,203,221,202,187,173,174,177,159,184,192.75
07040405,372,10900,456,429,453,408,411,410,433,476,471,472,492,436,478,503,531,553,575
07040406,373,3797,118,96,98,89,98,107,120,107,113,129,138,159,163,222,238,248,263.8928571428571
0705,374,51317,1998,1928,1881,1844,1776,1725,1710,1642,1685,1690,1802,1883,1953,1985,2061,2206,2305.5
070505,375,51317,1998,1928,1881,1844,1776,1725,1710,1642,1685,1690,1802,1883,1953,1985,2061,2206,2305.5
07050501,376,15881,559,566,583,561,564,590,596,503,535,594,636,699,657,723,728,800,853.75
07050502,377,8030,213,216,222,229,219,229,238,251,228,226,223,239,289,254,264,293,308.1071428571429
07050503,378,9123,321,329,271,323,313,252,300,245,267,284,288,318,338,310,345,358,369.7857142857143
07050504,379,5554,306,287,273,247,214,187,157,181,190,158,188,169,180,213,232,241,250
07050505,380,10490,513,461,443,412,387,395,361,395,392,353,373,377,404,392,407,420,427.25
07050506,381,2239,86,69,89,72,79,72,58,67,73,75,94,81,85,93,85,94,99.30357142857143
0706,382,31635,1385,1293,1222,1204,1165,1106,1134,1180,1212,1232,1362,1391,1390,1403,1457,1578,1655.25
070606,383,31635,1385,1293,1222,1204,1165,1106,1134,1180,1212,1232,1362,1391,1390,1403,1457,1578,1655.25
07060601,384,9934,471,419,420,411,394,383,354,376,388,370,445,496,512,466,482,529,562.0535714285714
07060602,385,4642,189,195,164,156,148,143,141,179,198,208,221,177,205,184,184,170,157.75
07060603,386,2813,115,104,125,112,100,88,88,111,114,116,124,134,109,122,140,204,243.75
07060604,387,14246,610,575,513,525,523,492,551,514,512,538,572,584,564,631,651,675,699
0707,388,50177,2313,2278,2164,2073,1994,1889,1832,1825,1850,1814,1933,1961,1956,1933,2048,2157,2234.5
070707,389,50177,2313,2278,2164,2073,1994,1889,1832,1825,1850,1814,1933,1961,1956,1933,2048,2157,2234.5
07070701,390,10363,467,474,425,403,413,371,383,370,373,372,367,379,427,399,400,394,388
07070702,391,10471,484,459,424,413,388,396,379,362,370,365,359,404,371,379,443,472,501
07070703,392,7380,344,278,291,279,268,268,244,243,237,249,289,259,279,235,227,258,268.75
07070704,393,8208,449,441,426,382,361,292,274,293,334,336,414,407,410,395,415,460,483.75
07070705,394,7019,286,320,315,334,301,300,311,308,288,260,275,275,239,260,275,264,255.3392857142857
07070706,395,3899,162,181,157,162,140,174,138,153,165,155,158,148,136,164,167,171,175
07070707,396,2837,121,125,126,100,123,88,103,96,83,77,71,89,94,101,121,138,153.25
08,397,328062,15349,15210,14902,14540,14398,13939,13895,14030,14161,14482,14873,15136,15426,15664,16310,16470,16721.714285714286
0801,398,168035,8543,8642,8609,8402,8399,8108,8190,8325,8453,8607,8764,8767,8902,8898,9152,9071,9093
080101,399,32706,1617,1671,1705,1651,1686,1658,1644,1626,1634,1616,1594,1521,1545,1546,1604,1556,1523.0535714285716
08010115,400,872,38,46,43,32,36,43,42,45,47,50,48,33,41,43,40,45,47.25
08010116,401,3572,196,202,195,195,192,163,140,154,152,146,175,149,150,154,164,158,155.875
08010117,402,16243,719,769,794,781,740,738,729,675,712,732,723,722,747,732,738,733,728.25
08010118,403,12019,664,654,673,643,718,714,733,752,723,688,648,617,607,617,662,620,587.3214285714286
080102,404,38690,2102,2092,2134,2138,2174,2053,2110,2067,2011,2019,2042,1998,1958,1914,1962,1872,1828
08010211,405,10170,519,477,519,538,551,496,504,504,476,484,516,505,480,464,481,475,471.625
08010212,406,7518,547,537,530,528,522,524,556,522,485,493,458,467,465,410,410,415,407.03571428571433
08010213,407,12764,599,616,629,602,617,596,595,604,608,614,625,615,607,664,703,670,664.0892857142858
08010214,408,8238,437,462,456,470,484,437,455,437,442,428,443,411,406,376,368,312,274.5
080103,409,40376,2052,2070,1989,1914,1896,1802,1847,1859,1837,1813,1862,1896,1934,1961,2074,2072,2088.5535714285716
08010301,410,27973,1425,1452,1389,1358,1349,1316,1336,1346,1278,1282,1301,1294,1318,1373,1465,1476,1487
08010302,411,3735,144,127,153,141,137,143,116,113,132,135,164,167,166,175,177,150,139.25
08010303,412,8668,483,491,447,415,410,343,395,400,427,396,397,435,450,413,432,446,452.32142857142856
080104,413,40681,1933,1967,1954,1931,1894,1929,1882,1910,1957,2032,2067,2137,2182,2141,2193,2257,2305.839285714286
08010404,414,23596,1197,1225,1222,1157,1138,1194,1100,1115,1138,1188,1169,1172,1197,1162,1210,1251,1274.75
08010405,415,9178,369,386,380,415,417,360,411,403,408,382,416,456,482,479,464,467,470
08010406,416,7085,346,327,331,328,307,345,351,371,381,430,457,482,472,475,485,503,521
08010407,417,822,21,29,21,31,32,30,20,21,30,32,25,27,31,25,34,36,37.75
080105,418,15582,839,842,827,768,749,666,707,863,1014,1127,1199,1215,1283,1336,1319,1314,1320.5
08010508,419,5626,296,281,288,274,268,244,282,334,338,345,403,398,430,455,463,515,549.25
08010509,420,9555,537,555,533,487,475,416,419,519,670,766,775,788,830,856,830,767,735.5
08010510,421,401,6,6,6,7,6,6,6,10,6,16,21,29,23,25,26,32,36.5
0802,422,70756,2711,2605,2548,2532,2454,2380,2346,2352,2352,2517,2702,2883,2976,3164,3311,3403,3532.75
080206,423,42645,1551,1523,1523,1543,1477,1439,1483,1529,1489,1616,1703,1808,1862,1997,2121,2132,2202.25
08020619,424,10983,385,417,398,421,428,439,457,441,444,453,481,486,531,643,721,715,735.0535714285714
08020620,425,9294,370,343,355,347,322,320,311,373,343,380,392,437,437,449,476,473,481.25
08020621,426,2293,103,82,73,88,75,75,94,101,108,89,103,126,119,102,93,104,109.76785714285714
08020622,427,14321,530,512,498,519,497,446,451,453,426,498,560,559,577,616,639,639,654.5
08020623,428,1270,38,40,61,44,46,47,34,28,30,47,35,56,28,21,30,36,39.5
08020624,429,1157,26,28,41,39,38,27,39,33,54,39,43,60,65,65,54,72,80.53571428571428
08020625,430,3327,99,101,97,85,71,85,97,100,84,110,89,84,105,101,108,93,86.25
080207,431,28111,1160,1082,1025,989,977,941,863,823,863,901,999,1075,1114,1167,1190,1271,1342
08020726,432,8332,331,314,317,345,294,268,250,240,237,240,276,291,287,305,312,308,312.25
08020727,433,11458,505,437,390,360,369,367,349,338,358,383,368,412,436,453,462,507,536
08020728,434,8321,324,331,318,284,314,306,264,245,268,278,355,372,391,409,416,456,490.6428571428571
0803,435,36736,1734,1643,1606,1563,1590,1578,1512,1594,1583,1596,1674,1698,1657,1661,1765,1785,1805
080308,436,36736,1734,1643,1606,1563,1590,1578,1512,1594,1583,1596,1674,1698,1657,1661,1765,1785,1805
08030829,437,12445,606,605,581,538,537,533,526,565,583,609,632,667,631,606,657,656,659.625
08030830,438,7255,270,227,227,235,230,260,223,244,233,237,233,231,238,261,286,290,294
08030831,439,17036,858,811,798,790,823,785,763,785,767,750,809,800,788,794,822,839,856
0804,440,52535,2361,2320,2139,2043,1955,1873,1847,1759,1773,1762,1733,1788,1891,1941,2082,2211,2323.25
080409,441,9463,377,369,352,335,334,292,316,282,298,312,283,302,334,343,364,399,424
08040932,442,2800,150,136,118,108,95,100,104,114,88,128,125,117,117,126,126,140,149.25
08040933,443,3963,111,137,138,122,130,119,111,80,105,105,91,99,111,108,116,131,139.75
08040934,444,2700,116,96,96,105,109,73,101,88,105,79,67,86,106,109,122,128,134
080410,445,43072,1984,1951,1787,1708,1621,1581,1531,1477,1475,1450,1450,1486,1557,1598,1718,1812,1899.25
08041035,446,8023,258,268,240,231,229,265,263,244,223,214,216,237,263,293,298,340,369.75
08041036,447,6794,335,275,265,257,264,227,217,211,238,199,222,223,207,208,237,234,231
08041037,448,9563,396,403,387,361,314,303,297,307,304,315,318,309,327,299,324,386,416.25
08041038,449,6862,223,229,235,229,241,213,207,196,161,175,145,173,216,249,304,299,307.2857142857143
08041039,450,3861,276,267,212,225,185,196,197,203,236,245,226,216,211,203,208,205,202
08041040,451,7969,496,509,448,405,388,377,350,316,313,302,323,328,333,346,347,348,352
09,452,253333,8377,8477,8603,8664,8766,8910,9053,9342,9708,9965,10300,10638,11008,11368,11851,12436,12939.25
0901,453,59710,1709,1722,1812,1842,1980,2043,2146,2209,2352,2364,2473,2501,2598,2688,2835,2994,3132.75
090101,454,11668,424,410,434,466,484,537,557,563,583,606,627,623,673,676,702,728,748.4464285714286
09010101,455,11598,421,407,434,463,484,534,554,563,577,603,621,617,664,673,702,725,746
09010102,456,70,3,3,0,3,0,3,3,0,6,3,6,6,9,3,0,3,4.125
090102,457,10985,307,314,347,351,348,367,378,383,414,434,422,432,455,497,512,533,554
09010201,458,4258,158,181,218,221,196,228,216,230,245,277,264,271,291,320,295,311,325.44642857142856
09010202,459,6727,149,133,129,130,152,139,162,153,169,157,158,161,164,177,217,222,227
090103,460,18022,494,522,537,521,564,530,546,570,609,588,659,683,671,696,701,754,788
09010301,461,15118,346,390,391,383,441,397,438,459,498,501,555,580,572,576,599,645,674.75
09010302,462,2904,148,132,146,138,123,133,108,111,111,87,104,103,99,120,102,109,113.25
090104,463,19035,484,476,494,504,584,609,665,693,746,736,765,763,799,819,920,979,1038
09010401,464,7961,176,167,203,218,207,194,198,183,211,225,195,214,235,255,275,315,345
09010402,465,11074,308,309,291,286,377,415,467,510,535,511,570,549,564,564,645,664,683
0902,466,58717,1840,1953,2057,2080,2177,2194,2165,2240,2352,2496,2539,2686,2820,2932,3093,3269,3425.25
090205,467,20829,628,702,760,779,811,810,769,813,871,911,958,1017,1044,1077,1200,1274,1348
09020501,468,6336,192,223,237,252,228,209,220,221,258,275,263,303,316,337,382,445,493
09020502,469,14493,436,479,523,527,583,601,549,592,613,636,695,714,728,740,818,829,849.6785714285714
090206,470,10974,355,390,384,391,388,404,385,402,401,420,407,448,474,511,511,558,590.75
09020601,471,7440,250,269,273,280,278,272,281,295,280,287,294,329,346,400,385,424,453.25
09020602,472,3534,105,121,111,111,110,132,104,107,121,133,113,119,128,111,126,134,137.5
090207,473,16588,501,485,538,529,581,577,584,566,587,645,632,651,697,748,752,791,824.25
09020701,474,632,9,0,6,0,0,0,6,4,3,9,0,3,0,9,12,56,81
09020702,475,15956,492,485,532,529,581,577,578,562,584,636,632,648,697,739,740,735,743.25
090208,476,10326,356,376,375,381,397,403,427,459,493,520,542,570,605,596,630,646,662
09020801,477,2920,133,132,126,118,112,110,107,118,110,125,111,136,140,154,167,173,180.25
09020802,478,7406,223,244,249,263,285,293,320,341,383,395,431,434,465,442,463,473,483
0903,479,48740,2166,2072,1967,1904,1841,1895,1892,1932,1973,1980,2073,2164,2234,2289,2409,2481,2553
090309,480,26337,1449,1337,1278,1202,1179,1151,1146,1191,1225,1240,1259,1327,1386,1386,1441,1474,1507
09030901,481,12772,500,460,434,431,466,433,399,427,462,480,557,574,623,619,626,653,680
09030902,482,5810,379,356,330,335,312,320,325,311,298,296,294,302,303,318,349,320,313.67857142857144
09030903,483,7755,570,521,514,436,401,398,422,453,465,464,408,451,460,449,466,501,520
090310,484,12421,393,382,366,386,355,409,407,396,429,432,474,494,499,525,543,567,590
09031001,485,12421,393,382,366,386,355,409,407,396,429,432,474,494,499,525,543,567,590
090311,486,5786,176,197,178,171,178,187,209,211,189,172,186,203,206,200,246,264,282
09031101,487,5786,176,197,178,171,178,187,209,211,189,172,186,203,206,200,246,264,282
090312,488,4196,148,156,145,145,129,148,130,134,130,136,154,140,143,178,179,176,180.14285714285714
09031201,489,1765,50,53,70,61,48,68,70,63,70,60,62,57,61,72,65,57,54
09031202,490,2431,98,103,75,84,81,80,60,71,60,76,92,83,82,106,114,119,125
0904,491,36113,1116,1178,1149,1168,1124,1159,1166,1200,1223,1257,1276,1362,1383,1406,1413,1498,1551.0892857142858
090413,492,16087,392,452,424,432,419,436,448,444,451,432,455,483,480,490,515,583,625.75
09041301,493,14281,335,378,360,365,356,358,361,355,379,341,369,395,414,409,424,499,539
09041302,494,1806,57,74,64,67,63,78,87,89,72,91,86,88,66,81,91,84,80.94642857142857
090414,495,6251,204,195,194,209,182,197,197,209,191,196,183,204,228,241,226,228,230
09041401,496,4787,137,136,136,138,118,124,127,134,130,131,118,129,156,177,156,158,160
09041402,497,1464,67,59,58,71,64,73,70,75,61,65,65,75,72,64,70,70,70
090415,498,7197,335,354,351,354,359,357,353,351,381,414,416,448,438,433,427,418,410.75
09041501,499,7197,335,354,351,354,359,357,353,351,381,414,416,448,438,433,427,418,410.75
090416,500,6578,185,177,180,173,164,169,168,196,200,215,222,227,237,242,245,269,283
09041601,501,6578,185,177,180,173,164,169,168,196,200,215,222,227,237,242,245,269,283
0905,502,50053,1546,1552,1618,1670,1644,1619,1684,1761,1808,1868,1939,1925,1973,2053,2101,2194,2272.5
090517,503,17997,521,527,571,595,629,624,624,653,680,724,752,739,762,803,775,781,787.25
09051701,504,3596,99,108,106,101,107,86,85,98,113,107,141,122,121,132,131,130,132
09051702,505,14401,422,419,465,494,522,538,539,555,567,617,611,617,641,671,644,651,658
090518,506,9258,332,318,313,300,300,302,315,353,352,321,333,349,345,352,389,412,434.5
09051801,507,9258,332,318,313,300,300,302,315,353,352,321,333,349,345,352,389,412,434.5
090519,508,10346,363,388,375,384,353,343,354,369,373,409,422,425,452,480,505,541,572.25
09051901,509,10346,363,388,375,384,353,343,354,369,373,409,422,425,452,480,505,541,572.25
090520,510,12452,330,319,359,391,362,350,391,386,403,414,432,412,414,418,432,460,478.5
09052001,511,12452,330,319,359,391,362,350,391,386,403,414,432,412,414,418,432,460,478.5
10,512,259373,8810,8947,8982,9240,9327,9618,9888,10155,10691,11263,11909,12394,12756,13085,13504,13926,14348
1001,513,108136,3484,3705,3932,4110,4222,4356,4471,4643,4841,5065,5286,5293,5433,5475,5560,5686,5812
100101,514,23459,1095,1146,1103,1101,1176,1225,1258,1337,1389,1442,1481,1444,1435,1463,1445,1470,1485
10010101,515,5619,228,225,236,236,237,269,317,337,355,377,367,366,338,319,314,337,342.5
10010102,516,17840,867,921,867,865,939,956,941,1000,1034,1065,1114,1078,1097,1144,1131,1133,1142.5
100102,517,47552,1427,1561,1704,1808,1820,1842,1843,1915,1983,2111,2257,2290,2382,2342,2456,2504,2552
10010203,518,1291,18,7,12,3,13,9,0,7,12,30,41,40,30,36,98,82,77.625
10010204,519,10365,281,363,436,464,462,520,514,530,513,560,594,597,619,584,611,631,648.5535714285714
10010205,520,8265,274,277,309,331,355,340,328,332,331,349,401,410,459,467,472,467,467.75
10010206,521,16920,545,560,569,601,614,580,595,591,670,624,682,698,751,755,789,816,839.8214285714286
10010207,522,10711,309,354,378,409,376,393,406,455,457,548,539,545,523,500,486,508,519.1607142857142
100103,523,37125,962,998,1125,1201,1226,1289,1370,1391,1469,1512,1548,1559,1616,1670,1659,1712,1755.642857142857
10010308,524,2126,22,29,33,44,36,24,40,35,41,56,49,48,56,107,125,124,129.05357142857144
10010309,525,14340,368,375,404,495,514,523,575,581,601,603,615,581,576,593,561,581,587.25
10010310,526,17740,467,496,588,562,571,620,606,623,676,686,707,757,828,810,833,846,859
10010311,527,2919,105,98,100,100,105,122,149,152,151,167,177,173,156,160,140,161,167.75
1002,528,79013,3220,3180,3068,3143,3152,3236,3338,3381,3533,3827,4155,4480,4634,4825,5007,5082,5212.75
100204,529,34614,1526,1542,1508,1571,1530,1561,1567,1568,1693,1843,2019,2236,2289,2333,2418,2457,2508.75
10020412,530,6791,354,340,345,372,345,370,343,364,417,473,526,561,577,576,616,603,606.25
10020413,531,15139,567,604,602,619,583,595,582,584,649,726,771,850,864,870,868,924,976.5357142857142
10020414,532,1638,116,100,86,74,94,85,123,129,116,92,79,99,78,88,81,85,87.75
10020415,533,5462,264,273,277,301,285,292,270,268,253,251,288,314,347,366,418,424,442.8928571428571
10020416,534,5584,225,225,198,205,223,219,249,223,258,301,355,412,423,433,435,421,417
100205,535,19792,766,730,699,722,755,819,862,935,906,944,1022,1118,1143,1273,1313,1341,1397.5
10020517,536,8753,318,285,254,222,225,227,246,271,311,354,395,389,391,409,411,428,445
10020518,537,5088,244,238,225,252,267,310,304,329,286,265,288,331,329,341,371,384,397.4642857142857
10020519,538,5951,204,207,220,248,263,282,312,335,309,325,339,398,423,523,531,529,555
100206,539,24607,928,908,861,850,867,856,909,878,934,1040,1114,1126,1202,1219,1276,1284,1306.5
10020620,540,3318,106,121,99,114,120,99,101,93,100,105,128,147,162,177,169,168,169.25
10020621,541,6059,247,271,249,264,295,302,306,279,282,322,357,345,374,401,437,449,466.9642857142857
10020622,542,8672,340,328,317,281,280,290,318,303,355,369,370,376,402,372,390,385,380
10020623,543,6558,235,188,196,191,172,165,184,203,197,244,259,258,264,269,280,282,287
1003,544,25752,746,700,636,626,620,639,670,717,802,810,845,895,954,948,984,1124,1201.5
100307,545,25752,746,700,636,626,620,639,670,717,802,810,845,895,954,948,984,1124,1201.5
10030724,546,7778,267,257,169,148,160,169,185,221,231,223,233,257,220,230,256,261,266
10030725,547,5844,212,185,181,196,163,157,162,152,168,183,195,175,207,193,205,302,350
10030726,548,2949,44,45,50,65,61,77,80,86,83,74,75,89,126,149,161,162,171.25
10030727,549,9181,223,213,236,217,236,236,243,258,320,330,342,374,401,376,362,399,422.05357142857144
1004,550,46472,1360,1362,1346,1361,1333,1387,1409,1414,1515,1561,1623,1726,1735,1837,1953,2034,2115
100408,551,18794,565,573,584,593,568,588,623,609,698,706,700,753,722,769,780,820,854.5
10040828,552,7621,259,263,251,236,220,240,240,268,298,272,314,338,329,336,328,329,330
10040829,553,3639,108,121,135,154,139,133,135,120,128,154,109,131,133,145,130,165,181.75
10040830,554,7534,198,189,198,203,209,215,248,221,272,280,277,284,260,288,322,326,330
100409,555,27678,795,789,762,768,765,799,786,805,817,855,923,973,1013,1068,1173,1214,1259.5
10040931,556,9187,249,235,240,239,250,244,231,257,263,245,287,294,330,384,405,405,422.625
10040932,557,3960,126,134,111,109,105,110,115,114,109,137,141,145,155,143,176,167,167.75
10040933,558,14531,420,420,411,420,410,445,440,434,445,473,495,534,528,541,592,642,683
11,559,275142,8423,8458,8729,8906,9335,9650,10031,10400,10899,11393,11912,12342,12950,13326,14084,14887,15572
1101,560,59190,2090,2154,2283,2330,2416,2422,2533,2657,2716,2827,2939,2954,3034,3091,3157,3179,3220.75
110101,561,4710,90,83,93,105,106,110,123,140,127,145,163,179,167,171,196,177,174.75
11010101,562,560,12,16,15,12,12,10,15,15,16,15,27,15,21,19,18,15,12.75
11010102,563,2553,57,42,57,61,61,61,66,83,62,90,88,109,87,97,95,80,74.5
11010103,564,1597,21,25,21,32,33,39,42,42,49,40,48,55,59,55,83,82,82.55357142857143
110102,565,28410,1174,1248,1324,1340,1376,1335,1365,1379,1369,1382,1476,1511,1601,1665,1647,1655,1670.5
11010204,566,8852,394,414,442,432,421,456,475,516,509,471,503,544,573,576,579,574,573
11010205,567,6696,243,258,289,293,336,313,326,314,305,346,353,359,369,394,374,334,315.25
11010206,568,5866,226,283,288,278,287,274,288,260,245,249,267,244,280,270,271,288,296.8392857142857
11010207,569,6996,311,293,305,337,332,292,276,289,310,316,353,364,379,425,423,459,488
110103,570,26070,826,823,866,885,934,977,1045,1138,1220,1300,1300,1264,1266,1255,1314,1347,1375.5
11010308,571,11309,328,333,368,370,408,423,462,477,498,562,577,531,528,539,578,640,683.5
11010309,572,9578,371,366,377,399,399,409,426,502,532,525,515,530,521,504,528,507,497.7142857142857
11010310,573,5183,127,124,121,116,127,145,157,159,190,213,208,203,217,212,208,200,193.75
1102,574,45022,1492,1474,1444,1428,1494,1529,1600,1615,1735,1787,1943,1967,2063,2129,2350,2576,2760.75
110204,575,14515,518,472,421,418,439,447,488,493,537,571,580,587,614,653,769,909,1017.75
11020411,576,8351,234,270,205,222,245,220,248,247,287,288,284,296,332,370,482,618,723.5
11020412,577,6164,284,202,216,196,194,227,240,246,250,283,296,291,282,283,287,291,295
110205,578,30507,974,1002,1023,1010,1055,1082,1112,1122,1198,1216,1363,1380,1449,1476,1581,1667,1743
11020513,579,3786,108,94,124,106,111,112,120,142,160,156,183,187,178,185,234,259,284
11020514,580,8642,237,231,220,254,281,291,283,293,326,297,368,353,433,432,455,503,535.0714285714286
11020515,581,14349,475,527,545,507,496,494,531,518,579,621,655,678,690,703,713,732,751
11020516,582,3730,154,150,134,143,167,185,178,169,133,142,157,162,148,156,179,173,173.625
1103,583,71610,2019,1920,1983,1998,2051,2198,2332,2356,2456,2562,2719,2873,2990,3128,3319,3631,3869.25
110306,584,32489,891,871,914,948,963,991,1074,1078,1141,1197,1259,1310,1345,1399,1432,1459,1494.25
11030617,585,6072,160,166,211,217,212,189,220,235,241,263,279,273,274,288,264,253,245
11030618,586,15803,414,401,407,454,470,480,510,502,503,511,539,573,606,648,662,684,709
11030619,587,10614,317,304,296,277,281,322,344,341,397,423,441,464,465,463,506,522,538
110307,588,29135,768,667,668,656,742,824,859,894,895,944,1027,1118,1216,1295,1443,1734,1936.25
11030720,589,5588,118,109,70,70,78,91,66,96,108,90,109,182,199,246,215,234,253
11030721,590,23547,650,558,598,586,664,733,793,798,787,854,918,936,1017,1049,1228,1500,1688.75
110308,591,9986,360,382,401,394,346,383,399,384,420,421,433,445,429,434,444,438,438.6071428571429
11030824,592,9986,360,382,401,394,346,383,399,384,420,421,433,445,429,434,444,438,438.6071428571429
1104,593,69862,1983,1998,2091,2161,2317,2398,2405,2513,2608,2751,2768,2906,3110,3139,3244,3443,3576.9285714285716
110409,594,31223,922,905,967,1052,1118,1167,1185,1271,1295,1363,1358,1477,1569,1597,1664,1725,1786
11040925,595,3656,147,141,168,185,216,219,205,200,237,236,227,256,279,276,273,285,296.32142857142856
11040926,596,27567,775,764,799,867,902,948,980,1071,1058,1127,1131,1221,1290,1321,1391,1440,1489.75
110410,597,13957,427,448,460,463,481,506,482,465,484,530,553,560,645,672,691,753,796.8392857142858
11041022,598,5336,141,132,110,154,137,141,124,122,108,129,136,136,152,185,215,216,224.44642857142856
11041023,599,5914,195,219,244,223,226,233,244,251,276,310,323,314,339,357,335,352,368.375
11041027,600,2707,91,97,106,86,118,132,114,92,100,91,94,110,154,130,141,185,204.01785714285714
110411,601,24682,634,645,664,646,718,725,738,777,829,858,857,869,896,870,889,965,1001.25
11041128,602,24682,634,645,664,646,718,725,738,777,829,858,857,869,896,870,889,965,1001.25
1105,603,29458,839,912,928,989,1057,1103,1161,1259,1384,1466,1543,1642,1753,1839,2014,2058,2133.714285714286
110512,604,3423,46,46,62,83,103,134,149,173,233,273,289,313,331,314,337,335,335.5
11051229,605,3423,46,46,62,83,103,134,149,173,233,273,289,313,331,314,337,335,335.5
110513,606,26035,793,866,866,906,954,969,1012,1086,1151,1193,1254,1329,1422,1525,1677,1723,1785.4642857142858
11051330,607,9002,299,291,268,308,304,320,298,337,408,367,393,412,438,445,510,545,580
11051331,608,10383,264,341,353,352,404,420,423,425,410,466,420,437,454,510,606,643,680
11051332,609,6650,230,234,245,246,246,229,291,324,333,360,441,480,530,570,561,535,529.75
12,610,256617,10537,10484,10362,10235,9957,9679,9529,9593,9965,10076,10481,10820,11334,11612,12036,12639,13116
1210,611,53377,2133,2142,2088,2098,2070,2007,1945,2007,2168,2255,2403,2502,2522,2542,2670,2765,2849.5
121031,612,27105,1152,1191,1182,1175,1159,1141,1064,1083,1137,1293,1289,1358,1332,1349,1440,1483,1526
12103115,613,7508,318,317,343,295,338,323,280,233,261,323,356,356,324,337,351,344,347.25
12103116,614,9296,429,466,438,450,398,408,385,429,416,469,470,505,458,460,512,542,570.5
12103117,615,10301,405,408,401,430,423,410,399,421,460,501,463,497,550,552,577,597,615.25
121032,616,26272,981,951,906,923,911,866,881,924,1031,962,1114,1144,1190,1193,1230,1282,1329.1607142857142
12103218,617,13123,538,540,499,506,503,468,457,481,550,532,588,601,626,639,683,677,688.25
12103219,618,8585,282,259,264,291,283,281,299,314,333,268,356,373,387,387,395,413,431
12103220,619,4564,161,152,143,126,125,117,125,129,148,162,170,170,177,167,152,192,206.48214285714286
1221,620,51975,2096,2073,2019,1969,1888,1823,1831,1849,1979,1954,1999,2078,2142,2266,2363,2457,2551
122141,621,14809,592,574,545,530,471,490,495,486,557,546,579,595,599,617,662,651,656.6964285714286
12214125,622,7223,238,217,217,219,181,194,189,175,204,224,256,267,267,290,315,321,334.3571428571429
12214126,623,7586,354,357,328,311,290,296,306,311,353,322,323,328,332,327,347,330,322.3392857142857
122144,624,26375,1086,1054,1048,1064,1032,1037,1040,1054,1130,1091,1128,1180,1243,1329,1357,1431,1496.5
12214421,625,2573,61,41,44,55,79,73,61,94,86,132,122,131,122,124,127,127,128.25
12214422,626,7761,427,421,450,445,420,420,380,391,410,350,376,374,430,427,446,478,498
12214423,627,5558,205,207,186,182,186,170,194,174,203,172,217,211,199,211,220,237,250.75
12214424,628,10483,393,385,368,382,347,374,405,395,431,437,413,464,492,567,564,589,614.0714285714286
122145,629,10791,418,445,426,375,385,296,296,309,292,317,292,303,300,320,344,375,401.5
12214527,630,10499,406,441,426,375,376,286,290,291,285,314,286,297,300,311,344,375,401.5
12214528,631,292,12,4,0,0,9,10,6,18,7,3,6,6,0,9,0,0,0
1222,632,23903,1001,1008,970,937,939,871,821,824,833,761,796,863,902,922,994,975,987.375
122242,633,23903,1001,1008,970,937,939,871,821,824,833,761,796,863,902,922,994,975,987.375
12224229,634,6028,251,238,222,213,239,216,205,205,206,186,186,210,210,204,230,217,214.46428571428572
12224230,635,17875,750,770,748,724,700,655,616,619,627,575,610,653,692,718,764,758,772.9107142857142
1223,636,33021,1522,1512,1495,1437,1418,1353,1277,1282,1263,1270,1248,1251,1288,1334,1285,1381,1428.25
122311,637,33021,1522,1512,1495,1437,1418,1353,1277,1282,1263,1270,1248,1251,1288,1334,1285,1381,1428.25
12231101,638,16298,763,726,710,678,672,617,585,608,618,616,575,588,598,623,610,667,698.5
12231102,639,16723,759,786,785,759,746,736,692,674,645,654,673,663,690,711,675,714,735.0892857142858
1230,640,94341,3785,3749,3790,3794,3642,3625,3655,3631,3722,3836,4035,4126,4480,4548,4724,5061,5290.5
123012,641,31098,1084,1078,1092,1075,1002,937,926,871,894,945,1000,1043,1095,1194,1280,1361,1442
12301203,642,14815,412,385,369,402,413,366,398,348,358,381,395,436,515,562,602,670,725.75
12301204,643,6357,302,331,341,303,247,226,189,200,194,208,238,239,226,237,282,290,298
12301205,644,4886,176,211,216,198,184,188,183,190,183,182,180,174,165,201,209,200,197.125
12301206,645,5040,194,151,166,172,158,157,156,133,159,174,187,194,189,194,187,201,210.35714285714286
123021,646,38128,1725,1741,1749,1831,1791,1881,1961,2029,2050,2124,2236,2253,2475,2439,2447,2644,2764.142857142857
12302107,647,3006,98,125,89,79,89,89,91,92,98,101,67,81,105,89,93,118,127.5
12302108,648,13602,650,636,581,622,639,647,673,710,729,739,782,792,840,788,760,864,907.2678571428571
12302109,649,11253,555,550,634,667,647,672,684,680,676,707,737,755,809,819,824,877,914.1428571428571
12302110,650,10267,422,430,445,463,416,473,513,547,547,577,650,625,721,743,770,785,804.75
123022,651,8941,424,386,386,348,332,296,319,289,318,293,329,344,391,402,452,512,557.25
12302211,652,3316,115,92,115,91,84,74,80,65,77,59,65,71,74,69,88,96,103.5
12302212,653,5625,309,294,271,257,248,222,239,224,241,234,264,273,317,333,364,416,453.75
123043,654,16174,552,544,563,540,517,511,449,442,460,474,470,486,519,513,545,544,550
12304313,655,6517,190,211,218,206,187,212,180,171,190,204,175,187,220,218,224,238,246
12304314,656,9657,362,333,345,334,330,299,269,271,270,270,295,299,299,295,321,306,304