ZEIT;RAUMID;BEZ;PGR;BZR;PLR;STADTRAUM;E_E;E_EM;E_EW;E_E00_01;E_E01_02;E_E02_03;E_E03_05;E_E05_06;E_E06_07;E_E07_08;E_E08_10;E_E10_12;E_E12_14;E_E14_15;E_E15_18;E_E18_21;E_E21_25;E_E25_27;E_E27_30;E_E30_35;E_E35_40;E_E40_45;E_E45_50;E_E50_55;E_E55_60;E_E60_63;E_E63_65;E_E65_67;E_E67_70;E_E70_75;E_E75_80;E_E80_85;E_E85_90;E_E90_95;E_E95_110;E_U1;E_1U6;E_6U15;E_15U18;E_18U25;E_25U55;E_55U65;E_65U80;E_80U110
200712;01011101;01;01;11;01;1;3300;1763;1537;15;22;9;23;10;6;6;25;13;24;12;49;98;249;147;229;272;198;233;262;232;277;140;100;99;151;159;111;74;39;16;0;15;64;86;49;347;1573;517;520;129
200712;01011102;01;01;11;02;1;189;112;77;0;0;0;0;0;0;7;0;0;4;6;4;3;13;4;6;9;9;27;24;13;15;6;3;13;13;0;6;0;0;4;0;0;0;17;4;16;92;24;32;4
200712;01011103;01;01;11;03;1;4723;2487;2236;25;46;28;67;46;37;35;65;69;65;32;92;129;255;154;244;360;339;402;423;404;351;176;114;121;139;195;94;89;70;18;39;25;187;303;92;384;2326;641;549;216
200712;01011104;01;01;11;04;1;3779;1984;1795;53;29;53;90;39;47;47;78;81;63;30;129;175;381;202;273;351;301;343;257;209;166;83;50;38;48;80;41;29;9;0;4;53;211;346;129;556;1936;299;207;42
200712;01011105;01;01;11;05;1;837;491;346;9;4;3;13;4;3;6;15;3;6;4;34;28;36;31;70;61;79;91;81;82;61;21;17;9;13;25;19;3;6;0;0;9;24;37;34;64;495;99;66;9
200712;01011201;01;01;12;01;1;2213;1157;1056;9;20;15;38;9;30;17;13;33;36;9;75;85;108;45;96;140;181;198;228;216;150;97;52;53;56;106;58;31;6;0;3;9;82;138;75;193;1104;299;273;40
200712;01011202;01;01;12;02;1;433;233;200;9;9;0;0;3;6;3;9;6;3;0;10;12;11;3;33;52;37;35;57;38;21;22;7;15;10;6;13;3;0;0;0;9;12;27;10;23;255;50;44;3
200712;01011203;01;01;12;03;1;982;515;467;3;0;3;9;6;3;10;28;16;9;10;24;18;48;28;35;75;94;101;96;65;90;43;36;19;27;40;31;12;3;0;0;3;18;76;24;66;494;169;117;15
200712;01011204;01;01;12;04;1;5593;2823;2770;26;25;36;74;21;27;19;43;37;54;18;75;154;270;164;227;374;427;446;457;420;460;236;204;224;313;321;237;135;48;15;6;26;156;198;75;424;2515;900;1095;204
200712;01011301;01;01;13;01;1;4473;2357;2116;59;33;42;58;26;21;28;34;34;28;13;56;96;239;213;364;636;577;496;353;305;232;116;75;70;84;82;52;30;15;3;3;59;159;158;56;335;2944;423;288;51
200712;01011302;01;01;13;02;1;11728;6014;5714;148;125;130;249;107;93;114;157;156;109;63;222;302;717;487;906;1523;1602;1387;927;653;446;199;121;118;164;219;124;79;51;21;9;148;611;692;222;1019;7485;766;625;160
200712;01011303;01;01;13;03;1;7993;4076;3917;63;69;54;94;27;42;34;55;51;63;36;125;195;484;305;526;856;811;686;531;475;386;208;212;218;329;465;281;180;94;29;9;63;244;281;125;679;4190;806;1293;312
200712;01011304;01;01;13;04;1;8188;3747;4441;45;51;41;118;54;41;55;83;85;83;33;160;205;445;196;269;357;434;494;514;515;407;217;290;315;545;863;645;398;166;46;18;45;264;380;160;650;2779;914;2368;628
200712;01011305;01;01;13;05;1;6165;3016;3149;43;29;45;67;24;24;23;62;62;48;24;103;172;335;189;289;395;423;398;428;356;323;167;171;236;416;636;437;168;60;9;3;43;165;243;103;507;2478;661;1725;240
200712;01011306;01;01;13;06;1;7356;3777;3579;45;69;80;92;46;36;34;79;57;49;42;143;247;475;250;475;617;613;678;569;527;397;153;168;218;376;447;203;96;47;12;16;45;287;297;143;722;3729;718;1244;171
200712;01011401;01;01;14;01;1;12891;6617;6274;211;142;125;271;98;96;92;150;117;112;39;183;283;882;616;1180;2055;1881;1388;906;576;355;116;145;136;151;201;155;134;59;24;12;211;636;606;183;1165;8602;616;643;229
200712;01011402;01;01;14;02;1;10855;5482;5373;163;192;126;201;105;59;61;102;105;74;26;114;178;523;600;1102;1972;1745;1204;636;371;306;133;94;94;108;171;111;74;54;42;9;163;624;427;114;701;7630;533;484;179
200712;01022101;01;02;21;01;1;2899;1608;1291;30;23;28;46;18;26;20;41;39;39;16;67;141;270;143;213;231;280;269;264;161;161;65;28;57;76;56;50;22;16;3;0;30;115;181;67;411;1561;254;239;41
200712;01022102;01;02;21;02;1;5548;3079;2469;68;41;71;104;64;43;49;100;88;86;37;122;218;485;279;362;536;445;489;431;338;319;163;97;88;118;127;87;57;21;15;0;68;280;403;122;703;2880;579;420;93
200712;01022103;01;02;21;03;1;172;106;66;6;3;0;9;0;0;3;6;0;0;0;0;6;18;6;18;25;3;23;19;9;3;3;3;0;0;3;0;3;3;0;0;6;12;9;0;24;103;9;3;6
200712;01022104;01;02;21;04;1;16487;8610;7877;185;162;141;283;120;153;106;242;241;219;113;434;562;1280;715;1061;1383;1368;1507;1355;1163;1040;459;331;301;391;542;261;173;145;30;21;185;706;1074;434;1842;8552;1830;1495;369
200712;01022105;01;02;21;05;1;4535;2398;2137;43;39;58;99;58;52;56;108;93;80;38;119;176;288;202;309;378;385;385;325;316;247;138;68;65;122;123;74;45;21;19;6;43;254;427;119;464;2300;453;384;91
200712;01022106;01;02;21;06;1;10843;5320;5523;90;88;98;184;84;70;90;161;164;145;61;216;290;597;344;497;858;891;1094;1019;815;751;306;235;231;378;408;280;186;160;40;12;90;454;691;216;887;5518;1292;1297;398
200712;01022201;01;02;22;01;1;9770;5167;4603;87;122;86;172;85;86;81;180;160;172;93;244;418;804;522;698;887;905;916;750;521;484;221;154;139;229;245;158;84;55;6;6;87;465;772;244;1222;5199;859;771;151
200712;01022202;01;02;22;02;1;1412;665;747;15;17;26;31;13;19;26;54;30;55;17;87;57;62;57;72;107;130;119;85;78;54;42;39;15;40;44;9;6;6;0;0;15;87;201;87;119;648;135;108;12
200712;01022203;01;02;22;03;1;6212;3141;3071;76;71;67;122;70;45;59;112;122;104;55;191;228;420;233;321;532;435;530;405;395;375;218;116;115;198;232;132;112;71;41;9;76;330;497;191;648;2851;709;677;233
200712;01022204;01;02;22;04;1;5642;2769;2873;46;41;53;72;46;43;34;77;77;91;28;119;152;303;171;300;443;463;552;482;352;384;183;147;150;182;256;153;130;66;34;12;46;212;350;119;455;2763;714;741;242
200712;01022205;01;02;22;05;1;3009;1466;1543;27;23;39;64;34;23;36;80;50;60;24;119;99;141;93;121;194;153;201;219;193;213;105;67;94;133;139;113;71;53;19;9;27;160;273;119;240;1174;385;479;152
200712;01022206;01;02;22;06;1;2962;1564;1398;39;30;32;54;21;9;33;33;36;39;27;62;96;140;116;180;284;291;313;252;206;164;64;52;67;75;114;62;38;24;9;0;39;137;177;62;236;1642;280;318;71
200712;01022207;01;02;22;07;1;6001;3021;2980;36;28;30;52;51;34;30;63;57;53;40;88;139;575;293;423;496;375;407;394;361;381;195;189;156;176;315;234;180;99;30;21;36;161;277;88;714;2749;765;881;330
200712;01033101;01;03;31;01;1;22163;11535;10628;296;311;237;525;247;248;250;476;487;432;227;737;841;1585;901;1274;1755;1803;1811;1661;1282;1121;512;415;417;593;724;393;298;188;73;43;296;1320;2120;737;2426;10487;2048;2127;602
200712;01033102;01;03;31;02;1;10473;5447;5026;125;100;145;222;107;103;101;221;227;198;110;343;431;722;441;631;871;900;855;775;572;566;254;225;181;301;327;199;145;57;6;12;125;574;960;343;1153;5045;1045;1008;220
200712;01033201;01;03;32;01;1;12380;6006;6374;188;198;158;385;174;169;146;336;330;306;169;546;550;582;352;626;945;859;909;847;697;643;280;195;215;361;461;339;230;125;47;12;188;915;1456;546;1132;5235;1118;1376;414
200712;01033202;01;03;32;02;1;9202;4417;4785;89;105;92;168;91;87;97;148;172;138;87;334;355;451;261;442;708;638;774;611;500;556;261;228;254;311;446;317;219;144;88;30;89;456;729;334;806;3934;1045;1328;481
200712;01033203;01;03;32;03;1;12567;6654;5913;153;152;168;349;144;135;149;287;279;249;156;401;482;884;520;766;1072;985;1047;891;665;683;299;197;236;320;365;232;149;92;45;15;153;813;1255;401;1366;5946;1179;1153;301
200712;01044101;01;04;41;01;1;17837;9113;8724;152;177;146;293;148;136;136;280;293;189;109;473;626;1069;615;893;1319;1397;1671;1529;1165;1123;514;468;476;681;780;448;281;154;68;28;152;764;1143;473;1695;8589;2105;2385;531
200712;01044102;01;04;41;02;1;14466;6851;7615;113;119;104;182;97;98;95;156;180;215;92;306;412;678;405;564;856;937;1153;1122;965;960;503;422;432;689;954;649;527;335;104;42;113;502;836;306;1090;6002;1885;2724;1008
200712;01044103;01;04;41;03;1;7300;3899;3401;59;75;82;147;49;50;43;110;75;93;55;168;248;513;334;449;668;672;768;631;489;394;174;135;141;188;196;128;88;57;15;6;59;353;426;168;761;4011;703;653;166
200712;01044201;01;04;42;01;1;20165;10677;9488;275;277;267;500;243;279;240;480;470;435;234;745;858;1438;747;1159;1751;1644;1657;1421;1137;971;435;340;332;472;584;373;213;126;50;12;275;1287;2138;745;2296;9516;1746;1761;401
200712;01044202;01;04;42;02;1;14842;8079;6763;148;149;147;289;128;136;121;250;237;222;109;394;609;1429;900;1214;1540;1240;1319;1070;830;736;288;192;202;272;310;181;100;58;19;3;148;713;1075;394;2038;8113;1216;965;180
200712;01044203;01;04;42;03;1;14432;7532;6900;145;150;149;345;128;136;134;260;238;250;101;392;539;994;600;841;1245;1147;1230;947;809;736;394;254;282;404;507;350;304;250;116;55;145;772;1119;392;1533;6819;1384;1543;725
200712;02010101;02;01;01;01;1;6404;3447;2957;59;85;72;145;69;61;96;164;199;145;85;248;285;499;297;385;559;580;553;445;394;296;142;87;76;105;109;66;27;46;16;9;59;371;750;248;784;3213;525;356;98
200712;02010102;02;01;01;02;1;12767;6299;6468;158;171;178;350;199;165;185;350;299;344;155;525;491;694;367;560;958;1024;1091;907;684;716;320;209;247;310;432;289;206;120;57;6;158;898;1498;525;1185;5591;1245;1278;389
200712;02010103;02;01;01;03;1;14508;7180;7328;172;199;174;353;181;145;166;339;355;311;151;465;490;749;468;707;1211;1222;1187;993;790;741;385;260;281;468;643;371;276;154;69;32;172;907;1467;465;1239;6578;1386;1763;531
200712;02010104;02;01;01;04;1;4938;2458;2480;78;68;52;125;60;80;72;138;153;134;75;207;206;244;135;205;331;406;460;387;329;265;133;80;70;90;143;87;66;31;18;10;78;305;652;207;450;2253;478;390;125
200712;02020201;02;02;02;01;1;295;162;133;7;0;6;9;0;0;3;0;6;3;0;0;24;25;13;37;24;28;28;21;21;13;6;6;0;3;9;3;0;0;0;0;7;15;12;0;49;172;25;15;0
200712;02020202;02;02;02;02;1;5558;2859;2699;54;57;47;104;50;47;39;104;104;90;44;160;207;336;197;337;524;518;626;500;367;330;144;82;85;126;116;76;48;27;9;3;54;258;428;160;543;3069;556;403;87
200712;02020203;02;02;02;03;1;9768;4982;4786;107;100;99;181;84;76;73;130;130;139;57;209;255;529;401;651;1006;971;1111;904;669;622;252;135;162;195;208;134;91;61;17;9;107;464;605;209;784;5713;1009;699;178
200712;02020204;02;02;02;04;1;11990;6186;5804;96;105;93;206;98;86;104;168;205;200;112;222;328;731;525;824;1286;1090;1384;1148;786;654;300;175;157;231;267;186;133;68;12;10;96;502;875;222;1059;7043;1129;841;223
200712;02020205;02;02;02;05;1;14747;7595;7152;166;135;127;293;155;118;135;266;227;231;125;365;353;727;506;1000;1508;1567;1745;1463;1094;784;292;223;231;265;294;176;67;70;25;14;166;710;1102;365;1080;8883;1299;966;176
200712;02020206;02;02;02;06;1;18126;9214;8912;204;198;185;363;148;161;156;366;288;266;121;473;518;1054;813;1380;1908;1738;1963;1569;1246;894;335;237;282;324;400;212;157;104;46;17;204;894;1358;473;1572;10617;1466;1218;324
200712;02030301;02;03;03;01;1;9286;4809;4477;101;94;102;227;87;81;106;223;202;166;98;308;352;575;366;632;941;812;946;737;489;509;236;166;144;208;182;101;57;27;4;7;101;510;876;308;927;4923;911;635;95
200712;02030302;02;03;03;02;1;13055;6855;6200;173;161;133;264;113;142;129;260;277;246;117;339;434;739;533;909;1383;1258;1388;1040;763;569;316;194;190;272;367;178;86;67;9;6;173;671;1171;339;1173;7274;1079;1007;168
200712;02030401;02;03;04;01;1;14885;7720;7165;168;167;111;265;127;92;126;241;225;210;111;344;432;846;725;1283;1926;1482;1601;1251;864;684;303;178;191;246;314;160;112;61;28;11;168;670;1005;344;1278;9132;1165;911;212
200712;02030402;02;03;04;02;1;11352;5916;5436;107;104;109;202;78;89;106;213;182;153;70;259;304;698;560;1017;1525;1166;1161;916;690;505;199;169;167;215;213;101;40;25;3;6;107;493;813;259;1002;7035;873;696;74
200712;02040501;02;04;05;01;1;5526;2565;2961;31;50;41;77;32;45;35;47;62;57;44;115;132;222;123;194;276;273;390;393;356;303;148;225;265;392;490;333;166;128;44;37;31;200;290;115;354;2005;676;1480;375
200712;02040502;02;04;05;02;1;6388;3028;3360;52;49;41;76;36;28;29;70;55;64;25;115;195;464;296;432;541;446;497;446;365;325;146;141;180;244;374;319;200;95;39;3;52;202;271;115;659;3023;612;1117;337
200712;02040503;02;04;05;03;1;9309;4646;4663;101;120;71;120;59;46;41;103;82;76;24;123;259;737;514;919;1230;906;791;575;407;312;121;123;150;226;298;312;248;144;50;21;101;370;372;123;996;5342;556;986;463
200712;02040701;02;04;07;01;1;11580;5432;6148;87;94;94;151;59;63;62;116;94;125;57;228;374;845;420;655;778;755;786;673;626;555;254;347;387;610;832;649;466;247;63;28;87;398;517;228;1219;4693;1156;2478;804
200712;02040702;02;04;07;02;1;9890;5009;4881;108;109;69;146;51;52;60;82;88;54;43;162;279;782;590;912;1223;998;891;630;477;387;172;178;205;286;337;257;141;87;24;10;108;375;379;162;1061;5721;737;1085;262
200712;02040703;02;04;07;03;1;530;263;267;9;3;9;12;6;6;13;16;12;6;9;12;39;72;33;56;46;41;39;29;35;12;9;0;0;0;6;0;0;0;0;0;9;30;62;12;111;279;21;6;0
200712;02050601;02;05;06;01;1;8090;4397;3693;90;63;65;114;46;44;38;57;66;63;27;114;226;1021;677;1064;1253;755;659;436;312;214;67;76;80;138;142;95;43;27;18;0;90;288;295;114;1247;5156;357;455;88
200712;02050602;02;05;06;02;1;17796;9243;8553;244;200;205;326;162;130;129;231;146;119;63;219;476;1780;1364;2234;2865;2024;1483;1001;724;420;154;137;146;137;212;167;123;85;47;43;244;893;818;219;2256;11695;711;662;298
200712;02050801;02;05;08;01;1;17077;8876;8201;180;179;196;250;144;121;99;206;176;135;53;229;564;1909;1441;2200;2696;1774;1369;902;642;438;142;128;142;179;220;166;111;62;18;6;180;769;790;229;2473;11024;708;707;197
200712;02050802;02;05;08;02;1;18168;9510;8658;227;204;157;288;97;111;95;156;141;97;41;186;375;1892;1564;2700;3391;2311;1508;859;495;283;162;114;105;137;185;111;95;43;23;15;227;746;641;186;2267;12828;559;538;176
200712;02050803;02;05;08;03;1;6056;3187;2869;70;62;52;74;45;30;39;57;52;52;28;81;229;674;449;709;791;523;501;372;266;186;82;70;76;86;178;123;55;35;6;3;70;233;258;81;903;3611;338;463;99
200712;02050804;02;05;08;04;1;2352;1178;1174;41;41;36;69;33;34;27;49;36;22;12;36;28;70;53;121;259;334;285;177;158;130;48;29;42;45;65;42;15;12;0;3;41;179;180;36;98;1387;207;194;30
200712;03010101;03;01;01;01;2;2781;1436;1345;27;15;27;40;24;9;24;47;47;27;19;54;120;179;57;116;150;201;266;239;247;179;56;79;80;125;136;106;41;32;3;9;27;106;173;54;299;1276;314;447;85
200712;03010102;03;01;01;02;2;10246;4822;5424;86;96;94;195;72;86;77;144;160;116;65;259;460;582;261;391;533;538;738;743;690;752;303;336;382;537;587;409;250;170;97;37;86;457;648;259;1042;3894;1391;1915;554
200712;03010104;03;01;01;04;2;188;106;82;0;6;0;3;0;3;6;0;6;9;3;0;3;12;0;9;24;27;27;18;15;3;0;0;3;0;3;3;0;5;0;0;0;9;27;0;15;120;3;9;5
200712;03020203;03;02;02;03;2;1920;968;952;6;13;7;25;18;16;15;34;18;22;13;44;71;62;37;41;82;137;178;185;150;164;60;73;85;106;133;72;24;25;4;0;6;63;118;44;133;810;297;396;53
200712;03020209;03;02;02;09;2;12426;6027;6399;132;130;147;286;140;123;114;212;198;181;82;355;437;511;298;449;833;1191;1400;1067;801;732;312;291;310;396;493;366;220;154;42;23;132;703;910;355;948;6039;1335;1565;439
200712;03020210;03;02;02;10;2;9473;4653;4820;112;90;99;219;89;88;107;201;165;125;62;236;319;373;234;380;691;930;1037;840;666;540;200;201;219;322;389;262;160;71;33;13;112;497;748;236;692;4778;941;1192;277
200712;03020307;03;02;03;07;2;15993;7857;8136;148;155;152;298;183;174;177;400;377;307;141;518;658;636;302;524;917;1338;1744;1539;1161;892;382;332;376;599;712;457;224;119;33;18;148;788;1576;518;1294;7525;1606;2144;394
200712;03030405;03;03;04;05;2;9771;4622;5149;96;116;116;228;95;96;108;203;210;169;80;282;439;533;309;478;669;778;895;765;538;448;189;213;197;335;542;369;181;79;12;3;96;555;866;282;972;4432;850;1443;275
200712;03030406;03;03;04;06;2;8237;4092;4145;52;57;51;116;78;82;105;150;149;161;69;291;372;355;104;181;336;616;935;886;676;591;246;206;265;289;387;219;118;56;20;18;52;302;716;291;727;3734;1043;1160;212
200712;03030711;03;03;07;11;2;6576;3251;3325;36;42;43;75;47;55;51;117;110;112;57;222;273;249;113;150;266;466;691;678;544;516;200;194;225;258;322;188;132;78;42;24;36;207;502;222;522;2908;910;993;276
200712;03030715;03;03;07;15;2;6534;3200;3334;35;42;40;94;51;55;55;96;141;88;47;197;301;299;160;187;251;486;732;675;543;473;176;180;195;212;300;186;111;85;18;23;35;227;482;197;600;3034;829;893;237
200712;03030716;03;03;07;16;2;1171;570;601;6;0;3;15;7;4;3;12;6;15;12;18;62;37;15;24;28;61;119;106;111;94;33;53;40;76;111;62;22;9;4;3;6;25;52;18;99;464;180;289;38
200712;03040508;03;04;05;08;2;4197;2102;2095;28;30;25;69;55;43;51;109;119;124;62;167;170;120;64;92;199;395;495;406;296;224;104;96;95;165;172;125;57;31;9;0;28;179;508;167;290;1947;424;557;97
200712;03040512;03;04;05;12;2;9146;4471;4675;88;82;64;179;69;108;92;179;113;133;55;225;287;330;205;292;560;832;989;743;590;547;245;256;286;475;566;288;168;79;12;9;88;394;680;225;617;4211;1048;1615;268
200712;03040513;03;04;05;13;2;2999;1437;1562;25;36;22;51;38;31;36;62;70;57;28;94;101;125;58;79;160;254;289;282;192;180;66;68;79;83;124;108;85;62;33;21;25;147;284;94;226;1314;314;394;201
200712;03040614;03;04;06;14;2;31062;14501;16561;348;361;348;692;316;324;319;465;468;402;154;609;906;1410;867;1524;2465;2948;3033;2236;1615;1333;592;692;758;1321;1844;1202;740;507;167;96;348;1717;2132;609;2316;14688;2617;5125;1510
200712;03040818;03;04;08;18;2;31268;14922;16346;333;289;251;507;228;224;201;395;317;324;162;608;956;1814;1201;1986;2845;2776;2776;2253;1774;1537;713;656;742;1196;1803;1123;726;387;119;46;333;1275;1623;608;2770;15611;2906;4864;1278
200712;03050919;03;05;09;19;2;4404;2091;2313;28;24;33;43;31;22;37;48;47;21;24;86;123;209;120;198;261;353;438;329;244;248;114;136;165;255;339;186;137;91;6;8;28;131;199;86;332;1943;498;945;242
200712;03050920;03;05;09;20;2;5760;2754;3006;63;45;55;111;46;33;40;74;57;69;24;105;176;274;175;269;397;468;552;398;353;286;126;163;152;268;368;243;189;98;57;26;63;257;297;105;450;2612;575;1031;370
200712;03050923;03;05;09;23;2;7584;3958;3626;95;72;62;127;52;55;50;91;83;80;36;160;288;591;399;571;785;750;786;589;413;313;155;94;96;194;218;166;114;68;16;15;95;313;395;160;879;4293;562;674;213
200712;03050924;03;05;09;24;2;4984;2562;2422;77;74;52;103;43;33;44;58;78;45;36;113;189;466;244;379;453;486;481;434;263;216;65;65;65;92;140;87;70;21;9;3;77;272;294;113;655;2740;346;384;103
200712;03050925;03;05;09;25;2;7710;3660;4050;88;71;71;167;102;83;79;141;122;107;44;216;250;447;305;484;690;775;781;514;359;281;95;118;138;267;465;210;155;57;19;9;88;411;576;216;697;3908;494;1080;240
200712;03051017;03;05;10;17;2;3876;1997;1879;34;33;33;52;33;15;24;68;61;58;30;122;163;239;121;182;266;364;428;426;265;213;73;71;88;123;128;69;50;28;13;3;34;151;256;122;402;2052;357;408;94
200712;03051021;03;05;10;21;2;6194;2829;3365;34;40;25;87;28;39;20;49;54;45;39;132;183;345;209;290;360;372;437;429;276;335;175;180;315;496;552;305;184;100;40;19;34;180;246;132;528;2373;690;1668;343
200712;03051022;03;05;10;22;2;4447;2057;2390;30;39;36;59;35;32;33;68;54;63;19;157;201;216;105;145;227;339;439;364;280;244;71;127;144;216;305;181;98;82;35;3;30;169;269;157;417;1899;442;846;218
200712;03061126;03;06;11;26;1;13785;7083;6702;181;154;131;239;97;101;88;113;146;88;45;154;334;1026;854;1571;2143;1732;1283;762;577;456;189;180;192;192;264;182;113;110;70;18;181;621;581;154;1360;8922;825;830;311
200712;03061131;03;06;11;31;1;9734;5125;4609;138;138;95;164;66;55;50;77;50;53;38;99;199;575;541;1073;1915;1547;1058;532;330;256;92;98;85;89;126;80;64;35;13;3;138;463;323;99;774;6996;446;380;115
200712;03061227;03;06;12;27;1;13536;6658;6878;162;143;120;169;97;75;69;112;120;90;38;160;332;908;724;1339;2006;1639;1222;810;591;518;218;213;200;297;458;291;203;133;36;43;162;529;504;160;1240;8331;949;1246;415
200712;03061228;03;06;12;28;1;11932;5891;6041;117;97;105;147;58;55;48;95;83;87;36;160;323;958;713;1036;1194;1044;973;735;600;454;223;254;297;440;610;401;301;189;74;25;117;407;404;160;1281;6295;931;1748;589
200712;03061332;03;06;13;32;1;20791;10709;10082;310;280;267;491;176;198;139;290;193;163;65;248;346;1176;1003;2116;3823;3663;2445;1172;670;462;174;89;124;179;219;104;91;75;28;12;310;1214;1048;248;1522;14892;725;626;206
200712;03061429;03;06;14;29;1;10167;4571;5596;42;51;58;103;54;42;40;92;96;100;40;213;295;388;246;328;413;516;617;578;492;759;394;439;533;860;1067;560;353;220;106;72;42;266;410;213;683;3190;1592;3020;751
200712;03061430;03;06;14;30;1;2823;1341;1482;17;16;18;24;21;25;12;31;30;27;13;49;67;106;66;105;125;185;224;214;186;131;78;76;107;224;313;186;91;41;15;0;17;79;138;49;173;1105;285;830;147
200712;03061434;03;06;14;34;1;5042;2553;2489;55;43;45;61;30;24;35;55;48;24;19;50;158;442;261;522;660;553;457;328;231;213;65;71;77;112;140;98;82;61;16;6;55;179;205;50;600;3012;349;427;165
200712;03061435;03;06;14;35;1;3893;1926;1967;44;37;39;64;38;18;33;43;36;67;18;84;117;302;209;329;436;369;316;263;154;182;60;71;71;102;130;120;50;51;25;15;44;178;215;84;419;2076;313;423;141
200712;03061441;03;06;14;41;1;469;232;237;6;6;12;13;10;10;9;10;9;3;0;9;6;15;3;23;61;46;45;39;35;18;12;9;10;14;21;9;6;0;0;0;6;41;41;9;21;252;39;54;6
200712;03071536;03;07;15;36;1;9747;5141;4606;163;149;124;213;74;70;63;127;103;86;42;108;162;490;474;946;1697;1731;1230;626;311;219;73;45;51;76;101;79;48;34;22;10;163;560;491;108;652;7015;337;307;114
200712;03071537;03;07;15;37;1;13996;7229;6767;194;202;174;321;150;135;106;237;145;148;48;190;329;683;583;1104;2181;2255;1771;995;624;414;178;129;129;159;213;94;63;27;9;6;194;847;819;190;1012;9513;721;595;105
200712;03071633;03;07;16;33;1;2593;1278;1315;15;13;21;45;17;24;27;40;40;36;27;66;83;127;77;97;151;184;185;213;261;204;62;74;65;89;114;105;72;43;16;0;15;96;194;66;210;1168;340;373;131
200712;03071638;03;07;16;38;1;15400;7784;7616;240;218;228;315;127;147;124;207;167;140;63;225;348;922;697;1300;2435;2423;1662;965;645;409;165;164;157;301;273;155;103;59;13;3;240;888;848;225;1270;10127;738;886;178
200712;03071639;03;07;16;39;1;11696;5894;5802;197;184;191;298;122;105;80;155;134;98;52;146;268;569;452;876;1750;1805;1416;748;495;350;148;128;149;169;224;172;102;77;27;9;197;795;624;146;837;7542;626;714;215
200712;04010101;04;01;01;01;2;9508;4403;5105;75;64;75;112;63;55;55;110;112;109;69;191;251;427;234;370;561;622;724;694;683;679;310;276;319;435;568;458;411;253;86;57;75;314;510;191;678;3888;1265;1780;807
200712;04010102;04;01;01;02;2;737;407;330;3;0;3;0;3;6;0;12;3;4;0;21;24;31;10;21;38;44;61;76;80;59;22;10;30;37;62;30;28;9;10;0;3;6;25;21;55;330;91;159;47
200712;04010103;04;01;01;03;2;7038;3247;3791;59;58;65;122;50;65;56;128;124;123;54;221;197;259;176;257;395;505;534;497;413;385;208;194;201;404;569;326;223;124;31;15;59;295;550;221;456;2777;787;1500;393
200712;04020204;04;02;02;04;2;132;64;68;0;6;3;3;3;0;0;4;3;3;0;3;7;6;3;10;0;3;14;19;6;18;0;6;9;3;0;0;0;0;0;0;0;15;10;3;13;55;24;12;0
200712;04020205;04;02;02;05;2;1260;623;637;6;3;8;16;7;15;15;15;27;25;10;28;40;33;10;40;59;102;110;114;103;102;50;52;53;61;54;47;28;19;5;3;6;34;107;28;73;538;204;215;55
200712;04020206;04;02;02;06;2;2507;1095;1412;15;9;18;12;3;9;6;22;14;24;3;29;33;56;47;36;66;97;128;155;128;241;157;142;147;236;247;170;116;77;43;21;15;42;78;29;89;657;540;800;257
200712;04020207;04;02;02;07;2;2426;1134;1292;15;10;18;31;15;9;16;57;59;45;12;45;41;51;35;62;107;181;226;248;150;168;82;70;102;140;133;117;88;51;33;9;15;74;198;45;92;1009;320;492;181
200712;04020208;04;02;02;08;2;2742;1322;1420;13;21;6;52;39;29;42;61;53;49;34;97;82;55;31;43;89;160;265;205;171;201;110;106;97;181;185;121;90;42;6;6;13;118;268;97;137;964;417;584;144
200712;04020209;04;02;02;09;2;3120;1503;1617;15;27;16;51;23;56;30;61;53;48;52;71;94;337;138;185;200;147;219;169;191;167;109;92;100;111;138;66;83;46;15;10;15;117;300;71;431;1249;368;415;154
200712;04020310;04;02;03;10;2;706;366;340;6;9;9;15;0;0;0;6;0;0;3;11;26;90;52;69;61;58;36;33;32;42;9;21;27;19;25;19;12;6;4;6;6;33;9;11;116;341;72;90;28
200712;04020311;04;02;03;11;2;13656;6243;7413;89;101;74;170;119;93;97;176;196;207;92;254;271;475;208;372;688;897;1078;981;868;1163;589;561;590;792;930;531;489;330;127;48;89;464;861;254;746;5092;2313;2843;994
200712;04020312;04;02;03;12;2;4754;2154;2600;24;28;42;49;22;24;31;75;59;60;39;88;116;148;77;156;255;312;399;363;312;402;218;158;196;234;319;203;160;126;38;21;24;141;288;88;264;1874;778;952;345
200712;04020313;04;02;03;13;2;6405;3074;3331;30;50;38;76;42;27;36;56;74;85;33;147;166;283;182;304;366;496;585;521;470;452;267;174;214;303;366;231;160;94;56;21;30;206;311;147;449;2924;893;1114;331
200712;04020314;04;02;03;14;2;10;10;0;0;0;0;0;0;0;0;0;0;0;0;0;0;0;0;0;0;0;0;0;10;0;0;0;0;0;0;0;0;0;0;0;0;0;0;0;0;10;0;0;0
200712;04030415;04;03;04;15;1;2448;1204;1244;19;24;7;33;6;15;6;15;19;15;16;31;71;232;144;195;206;169;134;124;116;123;82;59;54;100;128;89;119;59;29;9;19;70;86;31;303;1088;264;371;216
200712;04030416;04;03;04;16;1;9807;4854;4953;79;73;93;209;113;88;90;210;159;161;80;266;338;547;334;465;726;887;906;883;773;766;280;219;183;260;268;155;82;70;26;18;79;488;788;266;885;4974;1265;866;196
200712;04030417;04;03;04;17;1;9986;4732;5254;85;101;85;169;55;69;79;159;147;130;54;208;273;423;268;467;807;889;959;853;740;774;341;281;248;331;362;249;192;131;33;24;85;410;638;208;696;4983;1396;1190;380
200712;04030518;04;03;05;18;1;8923;4360;4563;92;57;59;122;52;50;57;107;99;123;54;208;258;458;307;468;764;766;885;853;595;636;342;203;214;242;349;210;156;91;34;12;92;290;490;208;716;4638;1181;1015;293
200712;04030519;04;03;05;19;1;4909;2469;2440;29;46;40;70;18;28;43;49;72;46;24;106;153;301;171;291;447;388;507;454;378;326;152;111;106;173;173;84;69;38;9;7;29;174;262;106;454;2636;589;536;123
200712;04030620;04;03;06;20;1;8306;3893;4413;57;72;63;115;51;59;49;98;131;120;46;204;222;425;258;344;620;651;696;723;593;576;320;193;210;326;362;244;210;160;73;35;57;301;503;204;647;3885;1089;1142;478
200712;04030621;04;03;06;21;1;2703;1441;1262;34;24;20;36;33;20;29;43;48;31;19;56;104;163;119;184;299;261;253;207;193;158;71;58;40;43;69;42;15;25;3;3;34;113;190;56;267;1516;287;194;46
200712;04030622;04;03;06;22;1;9739;4728;5011;96;69;86;146;77;65;54;114;138;129;62;214;214;486;315;479;724;747;882;783;691;755;410;285;256;362;426;271;229;114;33;27;96;378;562;214;700;4621;1450;1315;403
200712;04030623;04;03;06;23;1;4262;2036;2226;36;45;40;60;29;30;30;54;53;42;41;78;101;322;161;202;334;332;375;316;273;280;171;105;97;155;202;129;95;53;18;3;36;174;250;78;423;1993;556;583;169
200712;04030724;04;03;07;24;1;6305;2826;3479;50;59;47;95;45;36;63;84;77;107;49;131;187;260;124;203;386;441;598;478;473;519;259;187;193;268;292;201;154;158;48;33;50;246;416;131;447;2703;965;954;393
200712;04030725;04;03;07;25;1;11212;5501;5711;98;106;103;184;99;79;84;161;168;130;82;231;254;523;343;569;822;995;1136;1014;868;956;420;311;257;355;368;189;152;93;28;34;98;492;704;231;777;5747;1687;1169;307
200712;04030726;04;03;07;26;1;5178;2437;2741;33;40;44;92;33;43;28;59;69;49;46;106;120;232;152;193;374;434;429;485;447;419;201;149;195;180;219;132;94;51;21;9;33;209;294;106;352;2514;769;726;175
200712;04030827;04;03;08;27;1;10739;5435;5304;97;100;66;151;72;63;84;167;158;126;87;225;295;536;371;548;894;960;1064;882;847;845;382;276;246;318;394;203;139;77;45;21;97;389;685;225;831;5566;1503;1161;282
200712;04030828;04;03;08;28;1;9193;4615;4578;62;50;72;118;37;59;49;100;98;107;55;170;203;384;274;452;746;813;889;887;740;806;447;238;213;319;305;209;138;82;53;18;62;277;468;170;587;4801;1491;1046;291
200712;04030929;04;03;09;29;1;5958;2917;3041;57;27;42;81;33;37;39;94;63;102;29;94;134;220;117;236;374;529;658;568;467;545;225;192;177;258;239;125;105;64;15;12;57;183;364;94;354;2949;962;799;196
200712;04030930;04;03;09;30;1;5345;2693;2652;34;41;45;66;41;23;33;44;82;45;18;118;99;178;113;191;344;448;545;470;436;527;266;244;189;202;176;121;102;65;21;18;34;193;245;118;277;2547;1037;688;206
200712;04030931;04;03;09;31;1;3362;1686;1676;13;22;12;22;19;18;20;29;21;30;13;35;83;142;79;136;250;287;297;316;274;238;159;107;112;173;190;86;84;37;33;25;13;75;131;35;225;1639;504;561;179
200712;04031032;04;03;10;32;1;13865;6544;7321;82;90;96;156;101;98;90;180;152;155;78;255;334;554;353;536;889;1055;1217;1235;1093;1185;585;468;463;601;689;393;339;229;71;43;82;443;753;255;888;6378;2238;2146;682
200712;04041133;04;04;11;33;2;54;31;23;0;0;0;0;0;0;0;0;0;3;0;3;4;0;0;0;3;3;6;3;6;0;0;7;0;0;8;8;0;0;0;0;0;0;3;3;4;21;7;16;0
200712;04041134;04;04;11;34;2;4738;2149;2589;30;46;33;58;40;26;35;54;62;59;24;134;94;166;119;110;225;309;325;386;320;326;214;222;220;230;294;170;162;132;70;43;30;177;260;134;260;1794;762;914;407
200712;04041135;04;04;11;35;2;2700;1226;1474;12;9;12;43;12;12;16;43;48;51;19;48;46;78;38;39;91;169;223;185;179;218;128;127;153;180;200;105;97;57;30;32;12;76;189;48;124;924;473;638;216
200712;04041136;04;04;11;36;2;2867;1364;1503;9;9;14;38;32;15;20;41;45;36;26;47;53;72;35;62;126;141;235;215;207;241;122;169;133;182;192;105;119;71;40;15;9;93;183;47;125;1021;532;612;245
200712;04041137;04;04;11;37;2;7607;3389;4218;47;42;38;92;32;45;51;111;117;101;52;169;209;318;165;263;390;582;638;576;514;565;283;258;277;340;465;269;287;207;63;41;47;204;477;169;527;3128;1106;1351;598
200712;04041238;04;04;12;38;2;5130;2320;2810;48;27;31;64;46;50;37;109;91;87;46;112;131;124;63;105;239;311;409;402;347;378;226;188;211;272;296;203;194;176;69;38;48;168;420;112;255;1876;792;982;477
200712;04041239;04;04;12;39;2;129;64;65;0;0;0;6;0;0;0;0;0;3;0;3;3;12;6;6;3;12;6;17;16;13;10;0;10;0;0;0;0;3;0;0;0;6;3;3;15;66;23;10;3
200712;04041240;04;04;12;40;2;1568;709;859;0;22;18;27;13;14;17;30;24;18;3;27;30;33;15;16;54;99;144;119;109;135;87;68;71;103;90;85;62;22;13;0;0;80;106;27;63;556;290;349;97
200712;04041241;04;04;12;41;2;6289;2773;3516;46;39;60;80;38;22;39;108;72;76;50;165;115;153;90;181;286;401;567;442;413;549;295;264;234;318;367;285;253;160;93;28;46;217;367;165;268;2380;1108;1204;534
200712;04041342;04;04;13;42;2;4029;1792;2237;19;14;15;42;21;16;12;31;31;46;18;65;124;108;78;129;178;233;278;353;340;384;196;183;171;245;279;163;130;90;24;13;19;92;154;65;232;1589;763;858;257
200712;04041343;04;04;13;43;2;3477;1580;1897;28;23;12;15;35;32;40;59;75;57;15;68;79;142;62;77;147;263;346;295;278;305;158;140;89;148;161;130;118;52;22;6;28;85;278;68;221;1468;603;528;198
200712;04041344;04;04;13;44;2;10476;4674;5802;67;72;60;189;80;93;71;192;167;166;109;269;200;295;172;267;512;839;1031;832;739;824;412;344;390;493;602;369;295;218;80;27;67;401;798;269;495;4392;1580;1854;620
200712;04051445;04;05;14;45;1;5581;2608;2973;33;31;43;70;47;31;15;72;76;69;48;90;144;233;175;276;371;472;490;435;368;441;198;163;189;236;277;178;180;90;28;12;33;191;311;90;377;2587;802;880;310
200712;04051446;04;05;14;46;1;9774;4640;5134;72;79;72;143;53;41;50;110;129;111;53;176;235;366;230;383;607;699;892;903;676;863;399;330;329;480;472;287;246;205;62;21;72;347;494;176;601;4390;1592;1568;534
200712;04051447;04;05;14;47;1;4881;2272;2609;28;46;29;70;49;24;34;48;62;69;27;84;120;214;133;186;279;406;451;412;399;378;201;151;161;164;193;114;150;113;56;30;28;194;264;84;334;2266;730;632;349
200712;04051448;04;05;14;48;1;8594;4152;4442;51;44;41;83;40;24;57;92;123;71;37;147;202;361;199;315;588;662;818;706;644;684;355;298;304;389;429;322;226;173;72;37;51;208;404;147;563;3932;1337;1444;508
200712;04051549;04;05;15;49;1;3941;1872;2069;26;22;35;53;31;27;35;54;57;70;12;77;148;237;120;188;279;287;367;321;323;274;89;113;111;124;171;116;102;52;11;9;26;141;255;77;385;1885;476;522;174
200712;04051550;04;05;15;50;1;5137;2509;2628;43;37;30;71;53;32;48;79;66;69;33;130;111;244;153;287;398;430;523;480;386;419;197;133;124;151;186;92;60;48;15;9;43;191;327;130;355;2657;749;553;132
200712;04051551;04;05;15;51;1;4087;1974;2113;35;31;24;61;48;25;36;50;79;86;41;107;107;195;133;193;304;288;398;323;347;270;136;115;99;128;186;84;84;47;21;6;35;164;317;107;302;1986;521;497;158
200712;04051652;04;05;16;52;1;9206;4385;4821;67;52;71;131;62;59;58;153;111;130;61;184;223;313;229;353;602;717;870;802;745;760;359;289;276;360;459;279;213;109;71;38;67;316;572;184;536;4318;1408;1374;431
200712;04051653;04;05;16;53;1;6287;3030;3257;55;21;55;72;21;47;33;62;68;61;30;112;147;288;180;272;374;503;553;493;415;597;271;194;204;296;368;196;168;86;36;9;55;169;301;112;435;2790;1062;1064;299
200712;04051654;04;05;16;54;1;2858;1296;1562;26;12;16;15;13;21;17;24;24;28;30;58;52;87;87;102;157;207;243;256;192;251;121;70;76;144;136;103;120;95;46;29;26;56;144;58;139;1244;442;459;290
200712;04051655;04;05;16;55;1;6250;2957;3293;45;62;53;106;51;61;41;89;89;76;34;172;144;308;176;307;424;485;542;524;459;450;253;149;161;239;268;179;146;106;41;10;45;272;390;172;452;2917;852;847;303
200712;04051656;04;05;16;56;1;7095;3342;3753;52;58;58;164;57;49;70;134;136;112;54;146;214;367;189;277;453;599;732;600;508;557;260;221;172;245;256;160;93;61;32;9;52;337;555;146;581;3358;1038;833;195
200712;04061757;04;06;17;57;2;72;41;31;0;0;0;0;0;0;0;0;0;3;3;0;0;0;4;0;0;7;12;12;7;0;3;9;6;0;6;0;0;0;0;0;0;0;6;0;0;42;12;12;0
200712;05010101;05;01;01;01;2;9487;4417;5070;84;80;97;182;111;85;90;165;179;155;59;282;285;421;271;426;571;627;818;678;587;595;269;205;235;329;474;328;323;257;128;91;84;470;733;282;706;3978;1069;1366;799
200712;05010102;05;01;01;02;2;5639;2687;2952;34;31;20;59;37;37;29;65;76;78;32;113;186;269;139;178;252;328;408;448;413;445;225;185;252;324;368;296;194;75;31;12;34;147;317;113;455;2166;855;1240;312
200712;05010103;05;01;01;03;2;7343;3599;3744;49;44;59;98;55;73;45;124;138;113;68;202;284;317;176;200;297;465;628;657;542;592;236;230;260;357;438;251;173;109;39;24;49;256;561;202;601;2965;1058;1306;345
200712;05010204;05;01;02;04;2;2921;1282;1639;27;19;19;42;27;24;33;52;42;50;30;132;124;109;32;60;90;170;241;197;176;195;93;68;95;131;220;143;112;106;38;24;27;107;231;132;233;966;356;589;280
200712;05010205;05;01;02;05;2;1915;928;987;6;9;23;40;19;17;19;57;72;85;58;119;79;74;20;43;84;162;247;234;144;97;42;21;35;40;31;21;10;4;3;0;6;91;308;119;153;934;160;127;17
200712;05010206;05;01;02;06;2;9479;4452;5027;62;70;82;135;65;94;80;110;188;185;96;298;320;398;191;251;404;510;758;671;593;677;363;375;433;588;722;377;209;113;48;13;62;352;753;298;718;3378;1415;2120;383
200712;05010207;05;01;02;07;2;10672;4987;5685;70;118;91;198;101;111;68;228;203;195;129;412;386;466;259;356;570;679;758;843;672;595;316;267;357;594;819;419;249;110;27;6;70;508;934;412;852;4137;1178;2189;392
200712;05010208;05;01;02;08;2;6924;3249;3675;65;61;49;111;61;59;51;87;93;80;46;187;230;398;211;297;454;506;598;593;453;391;197;191;178;323;358;253;156;132;40;15;65;282;416;187;628;3112;779;1112;343
200712;05010209;05;01;02;09;2;5930;2871;3059;37;21;37;68;35;24;65;101;97;113;55;208;229;274;119;152;212;342;513;495;430;495;227;220;226;296;382;222;145;63;24;3;37;161;455;208;503;2263;942;1126;235
200712;05010310;05;01;03;10;2;3433;1601;1832;31;31;19;55;18;22;31;36;39;44;31;76;123;209;133;159;211;214;301;289;246;234;103;63;103;110;162;118;111;81;30;0;31;123;203;76;332;1553;400;493;222
200712;05010311;05;01;03;11;2;4553;2054;2499;48;39;53;96;41;49;61;107;86;93;59;158;171;234;107;151;244;254;305;297;251;215;106;96;79;171;184;179;226;225;103;65;48;229;455;158;405;1609;417;613;619
200712;05010312;05;01;03;12;2;5827;3059;2768;52;57;72;108;43;54;75;122;126;103;58;199;232;380;223;265;373;460;524;504;368;352;173;152;104;146;223;130;85;48;10;6;52;280;538;199;612;2717;677;603;149
200712;05010313;05;01;03;13;2;5995;2999;2996;36;57;49;116;69;54;44;111;102;136;64;200;230;387;220;296;387;468;564;530;424;376;190;113;112;216;192;130;69;34;10;9;36;291;511;200;617;2889;679;650;122
200712;05010314;05;01;03;14;2;10933;5321;5612;86;93;76;139;91;72;76;172;197;176;77;304;396;638;287;527;655;775;1001;906;757;691;364;287;328;350;541;365;286;172;36;12;86;399;770;304;1034;4908;1342;1584;506
200712;05010339;05;01;03;39;2;412;222;190;4;0;3;9;0;0;0;6;9;3;3;9;10;18;15;18;33;43;35;25;27;48;18;13;10;22;15;10;3;3;0;0;4;12;21;9;28;196;79;57;6
200712;05020415;05;02;04;15;2;3928;2023;1905;31;18;31;67;36;40;68;137;133;177;68;268;187;145;45;50;120;318;557;452;306;209;61;72;53;67;107;70;18;14;3;0;31;152;623;268;332;1848;342;297;35
200712;05020416;05;02;04;16;2;1774;841;933;9;9;3;9;14;22;9;18;23;25;19;60;55;57;36;71;53;118;185;113;117;154;52;57;92;113;113;62;60;34;12;0;9;35;116;60;112;693;263;380;106
200712;05020417;05;02;04;17;2;5675;2804;2871;37;40;25;95;52;34;43;78;110;114;65;211;186;233;91;135;259;332;602;513;424;442;204;149;202;308;334;180;107;49;18;3;37;212;444;211;419;2356;795;1024;177
200712;05020418;05;02;04;18;2;4043;1894;2149;18;31;21;72;28;42;28;95;71;97;40;148;133;179;85;116;196;269;303;242;264;294;169;136;144;216;238;142;84;80;35;27;18;152;373;148;312;1475;599;740;226
200712;05020419;05;02;04;19;2;6824;3106;3718;47;65;48;80;51;44;44;96;114;119;38;183;210;248;164;207;343;401;455;515;368;438;234;294;322;506;589;327;145;80;28;21;47;244;455;183;458;2453;966;1744;274
200712;05020420;05;02;04;20;2;969;489;480;15;3;15;9;9;7;11;31;28;27;22;41;51;44;20;38;47;91;134;97;67;31;9;12;22;24;19;22;20;0;0;3;15;36;126;41;95;494;52;87;23
200712;05020521;05;02;05;21;2;2401;1145;1256;30;15;35;59;41;36;35;82;97;68;45;77;81;80;56;63;130;216;294;238;163;116;83;22;42;47;64;52;15;9;10;0;30;150;363;77;161;1160;221;205;34
200712;05020522;05;02;05;22;2;6192;2960;3232;55;72;70;138;57;55;89;153;144;119;64;219;178;280;112;208;367;404;523;411;371;411;211;171;169;303;349;232;137;72;28;20;55;337;624;219;458;2396;793;1053;257
200712;05020523;05;02;05;23;2;10569;4994;5575;113;111;146;265;130;145;126;244;239;249;105;422;406;490;236;366;601;628;671;743;624;746;365;310;326;404;515;332;271;150;64;26;113;652;1108;422;896;3869;1421;1577;511
200712;05020524;05;02;05;24;2;6313;2980;3333;33;31;31;61;42;34;58;103;92;115;57;164;218;214;107;144;196;311;436;519;413;502;234;316;309;450;506;284;168;118;36;11;33;165;459;164;432;2126;1052;1549;333
200712;05020625;05;02;06;25;2;6900;3304;3596;51;50;49;100;40;28;61;69;88;90;44;175;214;331;182;268;388;454;566;541;464;488;229;199;236;369;467;287;183;126;51;12;51;239;380;175;545;2863;916;1359;372
200712;05020626;05;02;06;26;2;16108;7785;8323;144;142;112;232;106;110;101;238;273;250;88;431;523;871;510;695;1063;1203;1550;1322;1100;1089;493;474;455;626;750;459;389;203;78;28;144;592;1060;431;1394;7443;2056;2290;698
200712;05020627;05;02;06;27;2;3662;1720;1942;24;34;48;68;28;27;30;73;49;89;22;91;118;172;97;151;201;276;344;272;212;261;77;93;104;145;196;160;92;76;23;9;24;178;290;91;290;1553;431;605;200
200712;05020628;05;02;06;28;2;2035;927;1108;9;10;9;15;9;12;9;26;36;40;18;64;52;65;44;50;67;91;137;137;95;126;70;70;76;157;226;154;92;42;24;3;9;43;141;64;117;621;266;613;161
200712;05020629;05;02;06;29;2;4424;2073;2351;22;27;19;48;22;28;37;55;47;61;42;75;118;118;36;74;118;253;313;320;307;381;277;261;221;310;379;175;159;91;27;3;22;116;270;75;236;1421;919;1085;280
200712;05030730;05;03;07;30;2;2998;1459;1539;46;43;41;84;35;42;55;84;85;62;38;102;122;128;83;123;269;246;272;237;155;190;64;69;66;56;68;53;58;15;7;0;46;203;366;102;250;1385;323;243;80
200712;05030731;05;03;07;31;2;10692;5046;5646;83;95;79;160;74;87;113;153;163;189;78;271;298;566;251;423;582;735;823;838;687;772;361;317;336;500;676;441;312;161;49;19;83;408;783;271;864;4339;1450;1953;541
200712;05030832;05;03;08;32;2;10508;5059;5449;84;129;70;165;98;89;85;173;205;186;94;305;338;428;257;429;596;769;956;804;641;736;362;261;301;411;595;374;316;169;55;27;84;462;832;305;766;4452;1359;1681;567
200712;05030833;05;03;08;33;2;921;536;385;10;3;0;18;3;3;10;9;3;10;6;19;106;123;44;66;82;72;75;56;33;24;23;6;24;22;37;15;13;3;3;0;10;24;41;19;229;428;53;98;19
200712;05040934;05;04;09;34;2;3616;1746;1870;21;16;22;45;42;42;30;67;68;93;37;164;124;144;48;39;90;173;291;290;271;341;161;154;141;202;179;138;78;52;33;20;21;125;337;164;268;1202;656;660;183
200712;05040935;05;04;09;35;2;403;218;185;6;4;0;4;0;4;0;10;0;3;12;17;6;18;19;13;13;31;19;39;24;51;16;4;14;34;16;14;6;6;0;0;6;8;29;17;24;158;71;78;12
200712;05040936;05;04;09;36;2;7817;3858;3959;56;49;64;126;87;106;107;204;203;175;77;297;310;221;108;122;316;465;737;695;564;610;302;305;277;359;373;235;155;82;15;15;56;326;872;297;531;3007;1217;1244;267
200712;05040937;05;04;09;37;2;2110;1028;1082;12;27;6;32;6;12;15;44;30;37;11;71;47;55;20;30;30;109;164;174;142;225;89;103;104;130;151;125;57;46;3;3;12;71;149;71;102;669;417;510;109
200712;05040938;05;04;09;38;2;3582;1784;1798;9;21;16;63;24;29;35;75;81;86;42;82;126;143;40;75;121;177;275;273;288;381;165;161;155;187;153;90;81;71;44;13;9;124;348;82;269;1249;707;585;209
200712;06010101;06;01;01;01;2;6548;2885;3663;42;55;42;131;63;40;64;123;116;119;54;146;155;211;84;154;298;437;519;469;421;518;305;262;248;274;375;300;220;186;82;35;42;291;516;146;366;2382;1085;1197;523
200712;06010102;06;01;01;02;2;8130;3799;4331;55;61;65;114;63;91;38;153;117;108;78;180;240;373;230;357;591;612;845;755;623;706;267;211;216;245;296;137;150;101;27;25;55;303;585;180;613;4013;1184;894;303
200712;06010103;06;01;01;03;2;6077;2854;3223;56;50;72;125;39;52;50;106;88;69;34;133;135;265;189;339;526;526;588;509;406;499;188;148;131;218;233;116;105;64;12;6;56;286;399;133;400;3083;835;698;187
200712;06010204;06;01;02;04;2;6446;2926;3520;50;40;28;108;64;55;56;109;121;88;51;171;186;243;146;222;348;483;589;464;431;436;221;223;203;314;388;230;182;125;51;20;50;240;480;171;429;2683;880;1135;378
200712;06010205;06;01;02;05;2;9083;4186;4897;71;73;60;170;61;57;71;153;158;134;73;240;267;375;221;372;616;697;893;763;638;607;257;293;243;381;440;252;258;116;45;28;71;364;646;240;642;4200;1157;1316;447
200712;06010206;06;01;02;06;2;7361;3275;4086;61;54;76;113;49;46;51;97;75;128;46;144;154;338;184;296;472;537;602;539;448;505;266;206;235;330;359;302;311;195;96;46;61;292;443;144;492;3078;977;1226;648
200712;06010207;06;01;02;07;2;7598;3469;4129;55;76;61;134;53;69;31;115;112;101;68;146;209;335;243;362;567;547;697;590;541;585;212;258;173;317;361;167;182;132;51;48;55;324;496;146;544;3547;1055;1018;413
200712;06010208;06;01;02;08;2;6234;2988;3246;47;63;39;83;41;44;36;80;96;86;44;186;165;277;194;292;387;499;608;516;435;547;260;176;155;211;224;180;124;99;34;6;47;226;386;186;442;2931;983;770;263
200712;06010209;06;01;02;09;2;8509;3914;4595;63;66;73;104;44;56;64;116;95;120;64;186;220;452;223;440;638;729;818;693;562;602;317;212;259;303;425;266;179;81;27;12;63;287;515;186;672;4103;1131;1253;299
200712;06010210;06;01;02;10;2;4478;2061;2417;30;46;40;66;36;42;33;64;67;49;27;121;124;215;161;180;294;338;447;373;307;308;151;106;122;147;206;154;119;74;28;3;30;188;282;121;339;2100;565;629;224
200712;06020301;06;02;03;01;2;4845;2275;2570;24;27;28;78;35;42;52;92;75;80;39;144;137;158;109;117;266;339;385;348;334;308;188;179;196;290;358;180;149;73;15;0;24;168;380;144;295;1898;675;1024;237
200712;06020302;06;02;03;02;2;5332;2388;2944;25;37;32;83;32;58;34;55;88;64;35;93;105;153;93;128;265;333;435;362;331;433;256;175;192;274;397;213;196;175;103;77;25;184;334;93;258;1947;864;1076;551
200712;06020303;06;02;03;03;2;6914;3053;3861;56;42;46;83;46;39;56;96;92;96;45;174;164;366;178;279;426;500;589;527;442;464;195;229;219;333;400;273;273;142;28;16;56;217;424;174;530;2941;888;1225;459
200712;06020304;06;02;03;04;2;6659;3052;3607;41;24;54;110;37;48;30;89;97;67;61;175;167;279;161;333;406;531;622;540;388;465;234;193;215;273;396;231;219;121;45;7;41;225;392;175;446;2981;892;1115;392
200712;06020305;06;02;03;05;2;10324;4741;5583;53;76;61;158;69;79;84;158;191;168;106;254;339;515;248;386;559;669;850;755;628;740;330;297;331;497;663;469;274;194;81;42;53;364;786;254;854;4095;1367;1960;591
200712;06020306;06;02;03;06;2;6454;3085;3369;41;39;54;84;36;54;49;104;103;123;52;226;210;213;104;137;281;374;613;527;459;515;226;250;242;366;378;289;170;105;27;3;41;213;485;226;423;2495;991;1275;305
200712;06020407;06;02;04;07;2;4556;2175;2381;39;49;45;79;35;41;29;81;95;99;47;134;171;232;84;129;255;292;347;266;262;339;171;164;179;249;283;179;91;49;28;13;39;208;392;134;403;1635;674;890;181
200712;06020408;06;02;04;08;2;6465;2988;3477;42;42;43;66;37;28;50;104;90;118;58;186;209;268;141;189;327;423;568;484;380;428;233;252;258;356;452;292;186;122;18;15;42;188;448;186;477;2512;913;1358;341
200712;06020409;06;02;04;09;2;8116;3788;4328;62;62;69;148;62;59;55;107;94;118;50;182;231;322;159;227;348;528;609;589;562;605;292;309;349;416;516;334;302;203;92;55;62;341;483;182;553;3022;1206;1615;652
200712;06020410;06;02;04;10;2;6746;3128;3618;36;52;58;135;66;80;51;145;147;116;57;204;185;222;119;167;319;466;614;544;482;587;275;203;276;283;369;183;181;87;28;9;36;311;596;204;407;2711;1065;1111;305
200712;06020411;06;02;04;11;2;8546;4009;4537;62;61;48;134;80;68;81;154;193;182;103;267;256;339;132;196;338;506;690;689;668;699;353;293;291;426;465;256;198;194;88;36;62;323;781;267;595;3219;1345;1438;516
200712;06030501;06;03;05;01;2;5518;2576;2942;12;47;26;95;48;43;48;114;106;106;47;160;154;138;55;118;179;312;468;390;369;417;210;216;243;394;432;255;188;113;9;6;12;216;464;160;292;1891;843;1324;316
200712;06030502;06;03;05;02;2;5141;2292;2849;34;32;28;78;46;27;40;57;69;90;47;136;134;184;123;171;267;367;456;401;315;360;141;134;171;271;344;231;197;134;47;9;34;184;330;136;318;2100;635;1017;387
200712;06030503;06;03;05;03;2;11093;4989;6104;58;82;98;157;104;71;81;203;227;231;90;372;385;418;198;324;517;778;1026;905;838;767;400;350;303;578;599;326;317;177;75;38;58;441;903;372;803;4586;1517;1806;607
200712;06030504;06;03;05;04;2;10776;4958;5818;76;60;82;156;89;83;106;195;224;228;102;285;306;342;135;191;385;596;877;782;704;872;425;455;436;547;770;456;368;241;127;75;76;387;938;285;648;3670;1752;2209;811
200712;06030605;06;03;06;05;2;6699;3165;3534;43;59;43;80;53;56;56;108;118;107;49;157;165;314;189;213;367;494;644;502;429;568;282;237;230;281;326;199;131;134;44;21;43;235;494;157;479;2838;1087;1036;330
200712;06030606;06;03;06;06;2;4852;2254;2598;41;22;34;100;39;62;38;90;83;84;22;131;178;233;140;185;312;291;488;429;303;396;164;143;109;177;198;132;106;65;35;22;41;195;379;131;411;2148;703;616;228
200712;06030607;06;03;06;07;2;3056;1474;1582;12;19;25;53;18;24;16;44;36;37;21;84;112;283;146;176;208;209;254;200;195;159;76;64;104;162;164;79;43;29;0;4;12;115;178;84;395;1388;299;509;76
200712;06030608;06;03;06;08;2;9957;4755;5202;57;89;73;168;125;101;137;239;233;231;92;283;265;325;131;170;357;758;997;913;656;678;353;334;349;476;546;310;261;138;73;39;57;455;1033;283;590;3982;1365;1681;511
200712;06030609;06;03;06;09;2;11417;5387;6030;61;94;103;224;85;80;99;197;202;146;93;285;303;414;272;370;625;858;993;954;867;880;407;430;403;524;591;360;224;157;72;44;61;506;817;285;717;4939;1717;1878;497
200712;06030610;06;03;06;10;2;7939;3636;4303;58;90;75;173;72;98;85;181;159;135;91;194;171;271;132;181;316;571;747;610;529;653;322;251;272;367;454;223;234;151;60;13;58;410;749;194;442;3086;1226;1316;458
200712;06040701;06;04;07;01;2;9069;4352;4717;52;71;69;149;82;81;65;146;182;156;92;217;225;268;124;190;329;568;824;617;626;749;419;368;378;574;566;355;254;161;79;33;52;371;722;217;493;3278;1536;1873;527
200712;06040702;06;04;07;02;2;5155;2518;2637;30;36;28;95;55;70;58;120;141;127;63;249;210;227;77;103;177;354;484;417;431;499;191;153;138;172;195;98;71;52;28;6;30;214;579;249;437;2043;843;603;157
200712;06040703;06;04;07;03;2;10710;4938;5772;81;71;99;149;89;89;83;166;210;185;69;229;382;748;333;302;447;593;799;691;645;732;397;381;368;516;682;418;322;258;123;53;81;408;802;229;1130;3810;1510;1984;756
200712;06040804;06;04;08;04;2;7634;3510;4124;52;70;56;130;65;51;102;159;148;136;95;219;216;199;91;140;243;449;674;592;485;549;323;339;352;403;474;342;205;173;64;38;52;321;691;219;415;2674;1211;1571;480
200712;06040805;06;04;08;05;2;5166;2385;2781;24;33;38;61;55;54;29;84;107;113;43;125;151;189;82;108;212;299;442;372;399;401;248;212;189;273;298;195;167;115;36;12;24;187;430;125;340;1914;861;955;330
200712;06040806;06;04;08;06;2;7117;3176;3941;48;36;44;110;84;89;62;144;142;138;50;168;158;199;110;122;238;434;590;574;472;539;315;267;281;411;499;298;262;149;63;21;48;274;625;168;357;2540;1121;1489;495
200712;06040807;06;04;08;07;2;5516;2463;3053;43;39;41;112;28;56;52;103;124;89;35;156;160;185;89;123;224;335;443;444;303;408;173;188;215;240;319;219;266;186;86;32;43;220;459;156;345;1961;769;993;570
200712;06040808;06;04;08;08;2;3377;1633;1744;48;56;50;105;66;58;53;124;120;103;27;147;89;61;30;76;247;392;445;316;195;143;82;62;71;67;76;29;27;9;3;0;48;277;485;147;150;1701;287;243;39
200712;06040809;06;04;08;09;2;4884;2408;2476;39;30;51;97;63;37;41;115;108;80;52;141;171;162;83;106;188;327;472;384;363;353;216;190;178;227;231;137;130;72;28;12;39;241;433;141;333;1923;759;773;242
200712;06040810;06;04;08;10;2;6473;3010;3463;43;33;47;117;56;85;66;137;126;122;67;169;159;282;129;143;294;349;505;459;385;462;307;254;258;367;392;238;216;115;50;41;43;253;603;169;441;2264;1023;1255;422
200712;07010101;07;01;01;01;1;9559;4898;4661;55;83;55;102;43;70;73;90;128;86;67;168;209;340;250;368;586;831;930;827;831;829;384;251;259;365;456;263;234;183;80;63;55;283;514;168;549;4623;1464;1343;560
200712;07010102;07;01;01;02;1;15811;8274;7537;129;102;144;276;139;139;101;284;299;286;126;413;512;719;436;717;1198;1529;1618;1406;1206;1092;469;354;309;475;483;347;249;169;43;42;129;661;1235;413;1231;8110;1915;1614;503
200712;07010103;07;01;01;03;1;10066;4990;5076;96;81;94;169;83;104;75;150;136;142;58;211;196;433;285;473;821;909;1078;972;848;718;310;256;216;271;313;240;174;106;27;21;96;427;665;211;629;5386;1284;1040;328
200712;07010104;07;01;01;04;1;13009;6764;6245;139;126;140;253;109;103;133;265;248;235;102;314;431;713;474;691;1127;1218;1369;1157;958;789;417;253;210;278;338;197;127;73;16;6;139;628;1086;314;1144;6994;1459;1023;222
200712;07020201;07;02;02;01;1;10354;4868;5486;87;90;61;143;93;60;69;167;107;147;88;235;218;419;277;393;731;807;1013;904;778;758;395;269;277;416;525;314;247;172;49;45;87;387;638;235;637;4903;1422;1532;513
200712;07020202;07;02;02;02;1;9247;4511;4736;86;84;81;146;69;65;39;103;122;96;63;183;258;527;341;526;766;805;827;773;685;606;328;230;207;284;361;228;157;131;48;22;86;380;488;183;785;4723;1164;1080;358
200712;07020203;07;02;02;03;1;17173;8768;8405;148;187;170;279;151;133;140;273;282;226;143;465;586;874;570;935;1414;1648;1926;1588;1311;1155;505;321;283;377;382;260;202;121;80;38;148;787;1197;465;1460;9392;1981;1302;441
200712;07020204;07;02;02;04;1;11130;5678;5452;130;96;111;195;63;95;81;146;121;133;60;289;300;693;475;677;1110;1126;1337;1069;781;664;230;189;214;215;231;119;91;58;18;13;130;465;636;289;993;6575;1083;779;180
200712;07030301;07;03;03;01;1;23283;10789;12494;201;193;220;424;169;202;210;396;390;355;191;532;603;875;488;837;1425;1946;2422;2118;1957;2001;893;728;650;789;797;446;390;280;90;65;201;1006;1744;532;1478;11193;3622;2682;825
200712;07030302;07;03;03;02;1;8966;4272;4694;68;67;73;152;86;96;83;158;161;162;68;232;227;345;214;368;482;723;934;859;730;679;327;251;218;329;394;179;145;105;32;19;68;378;728;232;572;4310;1257;1120;301
200712;07030303;07;03;03;03;1;11629;5570;6059;116;127;122;236;108;111;116;219;245;248;94;363;409;575;365;462;845;911;1111;995;797;788;351;275;228;333;423;257;183;142;53;21;116;593;1033;363;984;5486;1414;1241;399
200712;07040401;07;04;04;01;2;15556;7399;8157;97;109;117;284;125;157;140;326;274;280;139;410;454;626;319;567;808;1188;1447;1300;1007;1064;510;441;475;659;866;555;437;253;98;24;97;635;1316;410;1080;6636;2015;2555;812
200712;07040402;07;04;04;02;2;2058;931;1127;9;10;10;24;7;6;9;27;29;23;9;36;49;91;60;61;97;129;167;166;124;142;71;60;63;116;118;85;83;85;56;36;9;51;103;36;140;804;273;382;260
200712;07040403;07;04;04;03;2;21896;10296;11600;198;192;153;351;202;148;159;311;331;302;203;564;648;1035;702;928;1567;1725;2070;1802;1544;1520;682;548;535;833;1037;618;520;313;116;39;198;898;1454;564;1683;10338;2750;3023;988
200712;07040404;07;04;04;04;2;4935;2332;2603;40;37;42;83;31;31;49;45;79;100;27;154;118;199;77;172;247;339;391;342;291;293;161;210;215;261;344;237;191;78;37;14;40;193;331;154;317;1859;664;1057;320
200712;07040405;07;04;04;05;2;9620;4500;5120;100;90;101;167;75;60;90;163;152;148;70;240;273;522;305;425;687;724;892;751;629;623;286;205;253;337;418;274;244;182;88;46;100;433;683;240;795;4413;1114;1282;560
200712;07040406;07;04;04;06;2;2800;1430;1370;24;33;27;42;18;19;16;22;26;34;16;41;107;195;101;194;253;208;265;210;198;159;90;57;82;98;102;61;63;27;6;6;24;120;133;41;302;1429;306;343;102
200712;07050501;07;05;05;01;2;15148;7209;7939;114;128;126;223;119;103;112;183;221;202;103;355;436;795;401;584;920;1103;1240;1183;1011;1144;523;476;479;728;863;534;366;240;100;33;114;596;924;355;1231;6442;2143;2604;739
200712;07050502;07;05;05;02;2;7284;3452;3832;31;46;32;93;67;45;39;99;86;90;46;189;226;376;252;331;398;468;589;510;489;493;216;204;207;280;398;315;318;232;94;25;31;238;405;189;602;3037;913;1200;669
200712;07050503;07;05;05;03;2;8871;4113;4758;51;55;52;128;65;43;46;95;116;104;62;226;231;393;273;278;558;548;755;626;666;593;283;279;315;412;548;389;337;212;95;37;51;300;466;226;624;3704;1155;1664;681
200712;07050504;07;05;05;04;2;5400;2541;2859;34;21;34;68;34;46;52;113;120;109;48;188;142;199;106;185;261;351;488;417;337;334;158;145;211;282;409;240;169;63;30;6;34;157;488;188;341;2145;637;1142;268
200712;07050505;07;05;05;05;2;10273;4720;5553;65;75;66;135;85;75;99;208;211;199;101;278;327;336;193;242;377;702;747;782;695;740;361;342;389;525;620;386;386;309;136;81;65;361;893;278;663;3738;1443;1920;912
200712;07050506;07;05;05;06;2;2170;1089;1081;21;6;9;31;12;22;15;36;39;33;17;48;67;76;19;56;102;146;227;143;176;191;91;88;63;141;126;85;38;37;6;3;21;58;162;48;143;869;370;415;84
200712;07060601;07;06;06;01;2;9430;4524;4906;69;75;59;158;62;67;69;168;160;186;101;272;326;435;236;300;566;583;759;718;627;684;343;296;272;453;565;375;256;118;54;18;69;354;751;272;761;3789;1323;1665;446
200712;07060602;07;06;06;02;2;4348;2156;2192;28;26;37;56;22;30;48;80;103;75;54;112;135;128;79;92;197;305;393;397;295;362;160;172;190;225;269;132;92;36;9;9;28;141;390;112;263;1758;694;816;146
200712;07060603;07;06;06;03;2;2678;1298;1380;22;16;21;39;12;29;32;49;38;43;27;82;67;96;37;52;121;124;166;177;180;244;134;117;144;201;207;75;69;42;9;6;22;88;218;82;163;857;495;627;126
200712;07060604;07;06;06;04;2;13690;6328;7362;80;126;97;216;112;93;102;211;244;224;137;386;415;516;288;408;723;807;944;1001;858;1134;556;499;519;781;943;597;375;201;71;26;80;551;1011;386;931;5029;2189;2840;673
200712;07070701;07;07;07;01;2;10413;4901;5512;65;89;63;154;77;77;105;166;203;175;99;312;318;336;198;265;505;704;867;776;740;768;416;386;401;558;696;349;266;165;74;40;65;383;825;312;654;4055;1570;2004;545
200712;07070702;07;07;07;02;2;10211;4896;5315;73;71;67;147;94;95;75;170;230;215;99;372;299;346;137;257;469;672;925;806;699;876;408;377;380;563;634;285;195;125;34;16;73;379;884;372;645;3965;1661;1862;370
200712;07070703;07;07;07;03;2;7881;3685;4196;34;40;30;120;54;67;49;131;159;142;85;216;240;290;148;199;355;510;636;543;535;550;248;356;341;533;580;293;237;93;40;27;34;244;633;216;530;2926;1154;1747;397
200712;07070704;07;07;07;04;2;7157;3405;3752;38;41;48;116;69;75;60;166;138;141;96;243;260;291;152;202;293;392;582;542;530;563;248;233;280;368;449;261;134;94;36;16;38;274;676;243;551;2693;1044;1358;280
200712;07070705;07;07;07;05;2;7052;3452;3600;48;44;60;143;64;58;71;169;163;130;72;239;226;260;98;148;288;513;707;628;518;488;283;272;291;353;320;201;107;75;15;0;48;311;663;239;486;2900;1043;1165;197
200712;07070706;07;07;07;06;2;3818;1738;2080;28;30;25;58;25;25;52;49;60;70;34;94;146;145;48;97;175;266;278;324;203;297;125;128;148;138;203;136;161;116;88;46;28;138;290;94;291;1391;550;625;411
200712;07070707;07;07;07;07;2;3036;1448;1588;12;22;22;37;22;31;24;58;45;61;24;72;81;111;19;34;108;143;241;225;234;277;145;113;145;200;187;131;101;67;26;18;12;103;243;72;192;1004;535;663;212
200712;08010115;08;01;01;15;1;819;401;418;9;11;6;25;0;12;6;12;12;18;0;25;25;28;23;31;59;94;87;79;85;49;16;15;9;15;35;12;12;3;0;6;9;42;60;25;53;458;80;71;21
200712;08010116;08;01;01;16;1;3359;1782;1577;35;38;26;51;25;43;35;46;60;53;25;92;137;163;122;207;260;302;322;339;208;194;88;51;69;114;116;64;31;30;6;7;35;140;262;92;300;1760;333;363;74
200712;08010117;08;01;01;17;1;14652;7988;6664;153;162;175;249;143;119;139;241;200;196;89;366;501;1081;699;1063;1421;1323;1488;1194;938;841;343;205;266;297;326;214;111;71;32;6;153;729;984;366;1582;8126;1389;1103;220
200712;08010118;08;01;01;18;1;10562;5549;5013;126;165;165;277;126;97;103;242;184;209;117;366;403;746;409;592;846;915;910;824;547;515;247;156;152;223;253;173;164;205;62;43;126;733;952;366;1149;5043;918;801;474
200712;08010211;08;01;02;11;1;9162;4830;4332;93;123;79;210;92;85;106;174;185;212;94;251;377;675;452;638;819;799;854;683;567;426;213;148;124;219;213;111;70;49;15;6;93;504;856;251;1052;4812;787;667;140
200712;08010212;08;01;02;12;1;6935;3453;3482;103;130;113;203;110;100;110;167;175;141;65;241;239;419;228;287;512;506;532;450;484;446;186;142;156;199;256;104;89;27;15;0;103;556;758;241;658;2999;774;715;131
200712;08010213;08;01;02;13;1;11116;6050;5066;143;114;106;261;114;88;120;200;190;182;111;319;362;740;491;710;1025;991;997;868;679;642;293;225;208;260;277;194;117;51;23;15;143;595;891;319;1102;5761;1160;939;206
200712;08010214;08;01;02;14;1;7227;3745;3482;87;90;82;189;94;78;78;171;138;120;68;209;300;473;256;461;615;575;675;521;423;336;157;128;134;146;210;128;98;121;34;32;87;455;653;209;773;3526;621;618;285
200712;08010301;08;01;03;01;1;26908;13678;13230;315;321;294;535;186;201;235;404;417;384;179;625;746;1689;1358;2217;3144;2645;2738;2086;1600;1252;525;377;326;568;620;372;269;159;69;52;315;1336;1820;625;2435;15788;2154;1886;549
200712;08010302;08;01;03;02;1;3541;1741;1800;27;12;21;54;29;31;26;52;39;50;19;79;100;150;100;177;253;300;348;327;251;230;104;100;94;139;174;108;61;68;15;3;27;116;217;79;250;1756;434;515;147
200712;08010303;08;01;03;03;1;7720;4074;3646;72;95;96;140;64;59;101;168;158;144;71;225;268;603;435;564;704;733;682;608;460;361;166;102;140;161;169;68;70;18;12;3;72;395;701;225;871;4186;629;538;103
200712;08010404;08;01;04;04;1;20594;10950;9644;268;232;225;448;195;199;192;402;418;334;181;629;810;1580;894;1301;1730;1731;1839;1714;1295;1120;535;363;305;455;474;276;215;143;54;37;268;1100;1726;629;2390;10504;2018;1510;449
200712;08010405;08;01;04;05;1;8219;4149;4070;85;108;81;147;75;72;77;143;131;125;92;221;304;539;308;506;752;644;755;603;508;399;198;133;177;240;276;202;139;104;51;24;85;411;640;221;843;4076;730;895;318
200712;08010406;08;01;04;06;1;6018;3184;2834;88;78;75;150;48;54;42;91;84;90;48;158;204;385;227;333;439;498;562;500;350;311;116;151;122;186;263;162;120;57;22;4;88;351;409;158;589;2909;578;733;203
200712;08010407;08;01;04;07;1;701;365;336;9;6;4;6;4;3;3;3;4;6;12;6;27;63;40;80;61;66;59;76;38;24;25;13;15;15;21;3;9;0;0;0;9;20;31;6;90;420;62;54;9
200712;08010508;08;01;05;08;1;4550;2234;2316;52;67;48;109;58;52;51;103;103;115;51;180;188;235;127;160;259;306;383;338;285;333;127;115;119;153;195;103;75;51;9;0;52;282;475;180;423;1858;575;570;135
200712;08010509;08;01;05;09;1;7114;3491;3623;74;69;99;187;64;90;99;193;160;193;89;273;291;385;141;271;469;497;564;442;398;433;213;157;146;239;308;199;162;132;46;31;74;419;824;273;676;2782;803;892;371
200712;08010510;08;01;05;10;1;269;153;116;0;3;0;0;3;0;0;3;0;3;3;6;12;16;3;7;15;27;26;18;35;27;12;13;3;9;9;9;4;0;3;0;0;6;9;6;28;131;52;30;7
200712;08020619;08;02;06;19;2;8991;4417;4574;86;93;88;180;96;83;101;144;178;195;78;269;305;438;251;338;595;626;820;680;568;578;252;250;260;346;433;267;198;134;46;15;86;457;779;269;743;3878;1080;1306;393
200712;08020620;08;02;06;20;2;8553;4136;4417;83;63;72;121;55;55;69;142;135;113;45;242;256;402;235;332;576;571;778;650;534;522;251;232;255;385;574;347;237;140;61;20;83;311;559;242;658;3676;1005;1561;458
200712;08020621;08;02;06;21;2;2330;1147;1183;12;21;21;42;10;22;19;30;49;57;46;112;85;70;51;60;79;155;234;224;224;209;97;53;72;80;99;49;30;12;6;0;12;94;223;112;155;1027;359;300;48
200712;08020622;08;02;06;22;2;13900;6357;7543;97;95;75;167;114;96;86;185;192;194;111;392;436;660;327;483;712;839;1194;1128;1024;1040;489;430;435;622;744;594;443;323;130;43;97;451;864;392;1096;5707;1959;2395;939
200712;08020623;08;02;06;23;2;1226;595;631;6;6;6;16;6;10;9;18;21;21;18;32;25;27;19;52;38;73;111;113;106;108;61;35;38;75;58;67;33;9;0;9;6;34;97;32;52;512;204;238;51
200712;08020624;08;02;06;24;2;983;499;484;9;9;9;12;9;3;0;23;6;22;6;28;32;60;27;30;49;79;60;103;81;89;26;24;36;41;48;20;24;12;6;0;9;39;60;28;92;429;139;145;42
200712;08020625;08;02;06;25;2;3066;1573;1493;17;18;9;46;24;6;32;50;63;62;29;82;94;114;64;69;111;196;258;245;178;298;148;102;103;170;196;132;100;38;3;9;17;97;242;82;208;1121;548;601;150
200712;08020726;08;02;07;26;2;8179;3894;4285;36;39;55;89;67;70;90;145;161;129;92;225;249;315;183;214;422;577;697;637;545;655;302;302;278;395;503;374;188;110;25;10;36;250;687;225;564;3275;1259;1550;333
200712;08020727;08;02;07;27;2;11270;5269;6001;52;65;70;140;74;86;78;189;256;255;115;431;365;382;167;261;477;760;947;918;671;801;423;429;528;667;789;418;256;151;40;9;52;349;979;431;747;4201;1653;2402;456
200712;08020728;08;02;07;28;2;7597;3732;3865;37;36;45;116;67;66;67;132;111;159;103;261;265;317;142;219;368;466;578;603;545;584;278;286;273;436;454;246;207;84;33;13;37;264;638;261;582;2921;1148;1409;337
200712;08030829;08;03;08;29;2;12057;5529;6528;86;96;104;228;98;106;113;210;233;205;117;339;313;466;263;345;584;725;818;757;724;800;389;456;541;760;948;546;383;215;58;31;86;526;984;339;779;4216;1645;2795;687
200712;08030830;08;03;08;30;2;7172;3194;3978;50;37;60;79;47;47;50;83;84;80;46;117;166;267;145;200;345;374;415;410;357;572;371;311;353;499;686;377;292;185;58;9;50;223;390;117;433;2246;1254;1915;544
200712;08030831;08;03;08;31;2;16698;7812;8886;127;145;155;317;146;152;153;332;332;341;196;548;596;754;411;523;974;1005;1265;1136;1039;1048;570;555;586;891;1098;612;342;209;92;48;127;763;1506;548;1350;6353;2173;3187;691
200712;08040932;08;04;09;32;2;2711;1226;1485;30;15;26;38;25;13;29;47;40;60;26;55;64;72;54;73;150;132;151;160;161;243;121;119;86;153;205;133;118;79;21;12;30;104;215;55;136;881;483;577;230
200712;08040933;08;04;09;33;2;3845;1801;2044;24;22;24;36;29;20;28;46;58;48;31;86;147;145;64;103;155;226;306;298;254;272;179;137;191;204;245;171;118;88;64;26;24;111;231;86;292;1406;588;811;296
200712;08040934;08;04;09;34;2;2607;1279;1328;3;26;21;36;18;18;30;40;48;43;33;110;139;134;55;77;106;159;209;248;229;220;105;90;87;95;108;58;33;19;7;3;3;101;212;110;273;1083;415;348;62
200712;08041035;08;04;10;35;2;7664;3778;3886;31;47;38;122;56;51;56;120;131;169;93;269;298;278;125;126;293;453;683;625;587;676;286;313;363;430;451;244;149;61;33;7;31;263;620;269;576;2892;1275;1488;250
200712;08041036;08;04;10;36;2;7010;3490;3520;46;24;48;89;56;50;69;132;155;153;95;299;277;289;107;163;240;404;629;573;535;605;269;274;255;364;394;223;124;39;24;6;46;217;654;299;566;2651;1148;1236;193
200712;08041037;08;04;10;37;2;9712;4662;5050;49;43;67;139;48;66;78;188;159;184;86;324;340;421;129;231;426;533;849;827;613;841;320;410;391;540;659;351;206;126;50;18;49;297;761;324;761;3608;1571;1941;400
200712;08041038;08;04;10;38;2;6484;3143;3341;18;43;15;93;56;46;48;108;138;168;91;186;247;223;102;110;233;386;612;529;435;522;279;216;223;349;450;265;161;96;24;12;18;207;599;186;470;2407;1017;1287;293
200712;08041039;08;04;10;39;2;3222;1523;1699;45;30;42;87;38;49;36;117;86;77;45;136;91;138;71;109;265;262;351;250;183;121;58;50;57;82;108;61;64;67;25;21;45;197;410;136;229;1491;229;308;177
200712;08041040;08;04;10;40;2;8058;3841;4217;36;59;58;156;77;95;107;164;267;177;122;327;328;315;121;202;312;571;696;714;587;617;284;256;241;351;382;214;128;75;19;0;36;350;932;327;643;3203;1157;1188;222
200712;09010101;09;01;01;01;2;10216;5033;5183;120;111;106;222;115;91;79;165;138;112;48;187;286;622;451;809;1141;1063;1045;783;476;373;191;166;166;247;334;262;155;109;22;21;120;554;633;187;908;5768;730;1009;307
200712;09010102;09;01;01;02;2;45;24;21;0;0;0;0;3;3;0;0;0;3;0;3;0;0;0;3;3;9;3;15;0;0;0;0;0;0;0;0;0;0;0;0;0;3;6;3;0;33;0;0;0
200712;09010201;09;01;02;01;2;3988;1866;2122;58;51;46;78;41;22;38;71;27;40;32;47;99;174;120;177;344;348;410;308;193;194;89;81;91;182;287;161;107;55;13;4;58;216;230;47;273;1900;364;721;179
200712;09010202;09;01;02;02;2;6640;3097;3543;28;44;30;57;31;24;22;43;41;30;30;89;169;362;219;288;365;421;487;454;361;335;177;213;281;470;712;451;260;108;27;11;28;162;190;89;531;2595;725;1914;406
200712;09010301;09;01;03;01;2;13720;6424;7296;99;117;87;156;78;95;95;109;135;95;39;197;410;746;487;722;828;906;1093;885;685;532;264;290;406;957;1541;868;423;227;104;44;99;438;568;197;1156;5606;1086;3772;798
200712;09010302;09;01;03;02;2;2871;1422;1449;15;22;25;40;21;25;40;62;70;92;34;108;125;94;22;39;125;200;344;295;219;207;81;87;83;138;148;68;15;24;0;3;15;108;323;108;219;1244;375;437;42
200712;09010401;09;01;04;01;2;7829;3636;4193;30;36;53;73;36;42;41;87;81;54;24;150;240;320;169;245;257;436;587;538;457;402;215;266;389;672;985;454;256;131;72;31;30;198;329;150;560;2689;883;2500;490
200712;09010402;09;01;04;02;2;9722;4723;4999;92;84;80;206;97;82;85;130;159;109;83;254;387;498;295;455;640;769;997;821;648;548;233;186;201;342;424;392;266;111;32;16;92;467;648;254;885;4625;967;1359;425
200712;09020501;09;02;05;01;2;4748;2549;2199;43;43;50;88;39;37;39;77;82;53;32;118;188;381;247;377;343;379;445;370;279;237;90;57;75;124;174;150;73;39;16;3;43;220;320;118;569;2440;384;523;131
200712;09020502;09;02;05;02;2;12096;5976;6120;127;111;112;234;92;105;86;193;151;160;58;259;387;845;504;788;916;955;1098;894;692;512;219;216;244;433;758;455;271;158;45;18;127;549;753;259;1232;5847;947;1890;492
200712;09020601;09;02;06;01;2;6518;3378;3140;65;64;69;101;47;46;46;73;67;64;35;123;259;515;305;437;536;476;517;405;349;299;118;121;132;270;439;256;148;75;40;21;65;281;331;123;774;3025;538;1097;284
200712;09020602;09;02;06;02;2;3498;1671;1827;12;19;21;46;18;27;15;52;52;31;12;75;111;148;69;95;142;173;283;233;254;282;110;121;145;231;403;182;80;43;7;6;12;104;189;75;259;1249;513;961;136
200712;09020701;09;02;07;01;2;273;185;88;3;0;0;0;6;0;0;3;0;0;0;0;0;6;3;20;19;16;30;25;43;22;9;12;13;12;16;12;3;0;0;0;3;6;3;0;6;156;43;53;3
200712;09020702;09;02;07;02;2;14811;7266;7545;121;142;112;216;108;90;101;157;156;143;55;313;513;822;527;760;975;1129;1282;1122;895;802;361;334;451;690;1047;693;389;215;63;27;121;578;702;313;1335;6690;1497;2881;694
200712;09020801;09;02;08;01;2;2760;1325;1435;24;24;24;47;12;23;18;34;25;26;10;40;70;140;79;134;194;205;254;252;213;173;61;75;67;86;182;132;82;45;9;0;24;107;136;40;210;1331;309;467;136
200712;09020802;09;02;08;02;2;6603;3207;3396;62;69;69;119;63;50;54;95;79;64;53;183;280;482;253;328;416;428;549;526;396;335;138;139;215;372;409;205;109;44;10;9;62;320;395;183;762;2896;612;1201;172
200712;09030901;09;03;09;01;2;11475;5749;5726;75;70;79;162;88;91;104;208;224;231;113;406;538;477;214;343;579;860;1335;1123;792;760;319;312;325;454;532;324;189;99;37;12;75;399;971;406;1015;5246;1391;1635;337
200712;09030902;09;03;09;02;2;5789;2823;2966;49;65;80;125;55;54;58;123;141;100;49;326;318;340;116;189;304;418;616;563;400;266;102;91;122;147;203;156;94;66;27;26;49;325;525;326;658;2606;459;628;213
200712;09030903;09;03;09;03;2;7737;3784;3953;85;90;79;182;71;93;94;215;199;184;108;341;347;380;208;315;536;661;856;628;508;410;133;105;171;233;266;145;58;30;6;0;85;422;893;341;727;3712;648;815;94
200712;09031001;09;03;10;01;2;11791;5841;5950;82;70;77;172;88;93;84;172;219;193;85;361;552;492;235;324;528;824;1283;1130;834;809;344;361;395;530;634;361;257;128;61;13;82;407;846;361;1044;5158;1514;1920;459
200712;09031101;09;03;11;01;2;5489;2630;2859;42;50;33;81;45;43;34;51;70;54;15;82;149;213;113;181;266;409;479;431;381;331;146;159;193;358;546;284;140;85;16;9;42;209;267;82;362;2260;636;1381;250
200712;09031201;09;03;12;01;2;1776;884;892;9;19;18;15;18;16;13;23;34;18;12;52;48;59;21;37;68;116;162;144;139;146;72;85;68;109;104;77;44;21;9;0;9;70;116;52;107;687;303;358;74
200712;09031202;09;03;12;02;2;2371;1162;1209;19;3;10;35;12;21;25;51;43;30;19;60;93;89;34;63;78;187;249;248;186;194;69;61;77;118;130;87;32;36;9;3;19;60;189;60;182;1045;324;412;80
200712;09041301;09;04;13;01;2;13905;6639;7266;62;83;57;151;70;82;80;147;141;133;69;314;468;575;265;371;507;740;1126;1062;1097;1027;428;469;619;1093;1247;652;383;241;79;67;62;361;652;314;1043;5168;1924;3611;770
200712;09041302;09;04;13;02;2;1801;883;918;18;12;21;35;19;22;12;27;12;38;15;39;43;48;36;48;64;147;173;185;133;135;47;60;76;86;116;82;28;18;3;3;18;87;126;39;91;786;242;360;52
200712;09041401;09;04;14;01;2;4718;2093;2625;16;21;39;37;30;30;35;47;54;47;25;123;131;136;59;101;166;235;293;232;193;354;269;291;294;415;450;227;171;99;60;38;16;127;238;123;267;1279;914;1386;368
200712;09041402;09;04;14;02;2;1594;771;823;12;10;9;33;18;9;16;21;28;18;21;56;55;80;38;51;81;104;123;137;112;108;47;46;45;72;103;75;47;9;7;3;12;70;113;56;135;646;201;295;66
200712;09041501;09;04;15;01;2;6559;3199;3360;69;71;79;146;57;71;56;123;107;82;25;180;291;462;297;344;471;489;602;617;461;329;107;104;139;132;217;174;133;81;27;16;69;353;464;180;753;3281;540;662;257
200712;09041601;09;04;16;01;2;6443;3292;3151;40;41;29;69;29;53;42;98;109;109;50;214;315;235;85;132;242;438;713;671;499;505;204;210;234;318;388;186;109;52;18;6;40;168;461;214;550;2780;919;1126;185
200712;09051701;09;05;17;01;2;3536;1614;1922;22;27;15;21;22;25;18;47;45;21;18;71;99;102;49;94;147;219;300;252;185;189;88;101;149;195;444;306;146;89;27;3;22;85;174;71;201;1246;378;1094;265
200712;09051702;09;05;17;02;2;13643;6285;7358;100;105;92;235;107;119;99;183;178;161;61;286;426;405;260;384;693;961;1248;1042;764;703;335;425;512;991;1204;703;421;248;117;75;100;539;801;286;831;5352;1463;3410;861
200712;09051801;09;05;18;01;2;8838;4348;4490;59;56;52;136;71;72;65;140;139;136;60;216;322;306;124;195;374;606;915;813;683;624;243;289;332;455;544;354;220;148;67;22;59;315;612;216;628;3710;1156;1685;457
200712;09051901;09;05;19;01;2;8845;4191;4654;91;86;84;130;54;63;61;118;83;85;34;162;296;505;307;477;641;629;713;670;559;455;215;228;216;390;570;442;288;144;28;21;91;354;444;162;801;3996;898;1618;481
200712;09052001;09;05;20;01;2;12327;5802;6525;62;83;68;146;94;72;95;160;123;109;66;264;382;503;240;389;536;721;1007;960;805;716;342;354;449;815;1249;755;441;249;59;13;62;391;625;264;885;4658;1412;3268;762
200712;10010101;10;01;01;01;2;5267;2596;2671;49;67;79;127;44;41;42;94;96;68;44;134;305;506;194;268;327;297;449;589;456;358;84;71;64;112;138;99;44;18;0;3;49;317;385;134;811;2580;513;413;65
200712;10010102;10;01;01;02;2;17134;8668;8466;219;201;187;377;176;171;153;294;292;277;149;600;928;1512;614;768;1005;982;1340;1987;1642;950;307;239;282;355;450;327;197;110;40;3;219;941;1336;600;2440;8338;1496;1414;350
200712;10010203;10;01;02;03;2;192;168;24;0;0;0;0;0;0;0;0;0;0;0;3;12;30;12;12;9;26;15;30;22;9;6;3;0;3;0;0;0;0;0;0;0;0;0;3;42;126;18;3;0
200712;10010204;10;01;02;04;2;9910;4962;4948;84;102;122;203;87;96;84;176;160;147;83;273;381;720;416;569;574;517;536;840;1193;915;267;198;174;230;300;208;148;73;18;16;84;514;746;273;1101;4645;1380;912;255
200712;10010205;10;01;02;05;2;7724;3989;3735;77;63;59;136;70;60;50;98;85;80;50;230;422;736;316;404;452;429;567;816;837;614;175;110;126;204;194;153;77;28;3;3;77;328;423;230;1158;3821;899;677;111
200712;10010206;10;01;02;06;2;15553;7724;7829;139;117;128;233;117;90;118;175;169;175;75;340;615;971;615;766;844;728;839;1192;1862;1629;515;405;440;552;783;432;313;137;30;9;139;595;802;340;1586;6846;2549;2207;489
200712;10010207;10;01;02;07;2;10437;5124;5313;78;86;75;175;70;93;82;125;116;121;61;213;439;622;329;461;575;519;577;755;1215;1242;357;309;344;343;446;320;163;90;27;9;78;406;598;213;1061;4431;1908;1453;289
200712;10010308;10;01;03;08;2;1641;846;795;6;15;0;14;11;6;11;9;23;12;9;37;74;98;31;49;62;82;141;157;159;134;73;58;56;95;107;64;33;12;3;0;6;40;70;37;172;681;265;322;48
200712;10010309;10;01;03;09;2;14291;6894;7397;109;124;117;230;104;95;82;160;147;164;61;309;522;825;417;642;715;673;788;1007;1228;1478;599;510;533;696;794;582;316;184;53;27;109;575;709;309;1347;5470;2587;2605;580
200712;10010310;10;01;03;10;2;17126;8444;8682;115;130;125;231;120;114;102;225;179;173;79;422;684;967;480;773;867;808;1010;1269;1783;2090;773;648;571;755;787;456;227;120;28;15;115;606;872;422;1651;6990;3511;2569;390
200712;10010311;10;01;03;11;2;3039;1411;1628;46;40;22;57;30;30;31;31;35;35;21;93;135;174;117;149;194;181;247;232;192;146;64;42;65;76;186;134;101;76;47;10;46;149;183;93;309;1312;252;461;234
200712;10020412;10;02;04;12;2;5418;2688;2730;70;88;77;131;47;75;52;131;98;94;46;285;389;441;193;230;296;354;545;565;320;241;59;66;58;99;151;130;44;30;13;0;70;343;496;285;830;2503;366;438;87
200712;10020413;10;02;04;13;2;14662;7025;7637;158;127;110;235;110;104;95;161;164;189;131;508;896;1442;677;712;676;829;1438;1603;1144;745;253;222;268;408;508;381;193;119;37;19;158;582;844;508;2338;7079;1220;1565;368
200712;10020414;10;02;04;14;2;1796;852;944;22;28;22;46;27;22;24;57;43;34;21;65;110;114;79;80;120;120;154;159;109;84;19;22;0;33;76;57;30;19;0;0;22;123;201;65;224;821;125;166;49
200712;10020415;10;02;04;15;2;4971;2431;2540;44;39;56;124;51;48;45;96;72;90;34;234;344;321;152;226;272;327;544;533;374;263;67;58;64;134;143;119;67;21;9;0;44;270;385;234;665;2428;388;460;97
200712;10020416;10;02;04;16;2;4054;2041;2013;40;45;61;99;44;36;38;68;67;51;39;171;259;356;161;181;223;256;457;481;256;142;85;45;73;70;91;87;52;13;7;0;40;249;299;171;615;2015;272;321;72
200712;10020517;10;02;05;17;2;9108;4363;4745;51;56;51;101;38;42;49;91;97;126;72;395;687;600;298;323;359;566;1172;1095;707;495;195;170;160;306;399;229;110;49;10;9;51;246;477;395;1287;4520;860;1094;178
200712;10020518;10;02;05;18;2;5042;2501;2541;75;65;67;117;55;53;56;102;97;72;54;231;397;476;222;246;261;348;550;497;269;167;58;70;40;77;142;94;45;27;12;0;75;304;434;231;873;2393;295;353;84
200712;10020519;10;02;05;19;2;4466;2246;2220;65;79;74;111;48;52;38;102;60;67;45;180;267;354;195;223;271;242;474;428;314;186;64;84;55;96;124;101;42;19;6;0;65;312;364;180;621;2147;334;376;67
200712;10020620;10;02;06;20;2;3047;1495;1552;29;20;21;35;25;12;20;25;10;36;12;72;161;312;163;171;163;164;293;347;310;187;69;37;47;84;103;74;24;15;3;3;29;101;115;72;473;1611;293;308;45
200712;10020621;10;02;06;21;2;5707;2846;2861;56;85;52;119;50;63;44;80;92;78;42;214;606;722;242;273;211;363;597;572;325;220;87;61;74;67;136;86;48;33;6;3;56;306;399;214;1328;2583;368;363;90
200712;10020622;10;02;06;22;2;8391;3807;4584;55;84;64;117;53;53;46;100;86;86;49;213;352;555;259;349;408;399;571;748;869;773;280;235;222;313;383;265;170;135;56;43;55;318;420;213;907;3603;1288;1183;404
200712;10020623;10;02;06;23;2;6650;3168;3482;40;40;43;63;38;27;49;74;75;68;57;210;436;380;169;206;291;320;698;876;569;385;150;173;159;223;337;214;146;80;41;13;40;184;350;210;816;3129;708;933;280
200712;10030724;10;03;07;24;2;8240;4042;4198;39;31;52;69;33;37;39;92;71;79;37;197;395;658;292;389;424;402;755;754;724;630;279;229;256;372;364;253;148;78;44;18;39;185;355;197;1053;3740;1138;1245;288
200712;10030725;10;03;07;25;2;5700;2834;2866;42;33;29;65;35;27;31;70;56;48;27;130;266;358;189;218;296;322;393;517;578;492;170;151;161;211;309;234;116;76;37;13;42;162;259;130;624;2513;813;915;242
200712;10030726;10;03;07;26;2;2541;1236;1305;9;6;21;37;16;18;14;27;25;26;21;71;108;113;58;52;120;159;230;275;196;172;82;63;55;125;141;124;84;56;24;13;9;80;131;71;221;1090;317;445;177
200712;10030727;10;03;07;27;2;8188;4040;4148;28;42;48;101;52;58;59;126;135;132;61;272;449;390;145;173;314;538;934;911;802;628;223;217;251;343;359;181;98;70;24;24;28;243;571;272;839;3817;1068;1134;216
200712;10040828;10;04;08;28;2;7752;3874;3878;44;43;37;91;69;60;59;103;123;125;51;283;513;487;166;230;299;464;963;914;690;491;179;195;184;260;276;187;100;45;15;6;44;240;521;283;1000;3726;865;907;166
200712;10040829;10;04;08;29;2;3587;1763;1824;12;40;21;53;21;32;36;71;73;38;27;109;159;141;70;97;180;282;390;357;280;248;121;90;104;154;188;104;35;39;9;6;12;135;277;109;300;1656;459;550;89
200712;10040830;10;04;08;30;2;7464;3733;3731;34;48;43;91;66;44;54;129;108;111;43;242;367;353;127;183;283;534;770;830;706;589;195;218;250;323;366;171;100;61;15;10;34;248;489;242;720;3433;1002;1110;186
200712;10040931;10;04;09;31;2;8864;4423;4441;48;40;32;111;48;65;53;142;126;150;63;351;529;473;138;179;308;531;1086;1106;776;637;250;208;240;323;390;200;159;68;21;13;48;231;599;351;1002;4124;1095;1153;261
200712;10040932;10;04;09;32;2;3862;1919;1943;23;23;26;40;26;27;34;49;64;46;27;145;190;176;74;120;180;234;388;425;345;306;117;118;144;141;177;104;59;25;6;3;23;115;247;145;366;1766;541;566;93
200712;10040933;10;04;09;33;2;14371;7172;7199;81;70;81;178;111;105;110;219;273;197;111;505;733;618;217;366;565;1057;1579;1604;1284;1028;403;424;446;599;654;383;195;134;21;20;81;440;1015;505;1351;6672;1855;2082;370
200712;11010101;11;01;01;01;2;470;266;204;3;0;0;12;3;0;3;0;16;9;3;19;12;16;0;6;27;34;47;64;49;40;9;16;3;19;34;10;10;3;0;3;3;15;31;19;28;227;65;66;16
200712;11010102;11;01;01;02;2;2441;1238;1203;19;12;12;26;16;15;16;28;31;23;21;98;184;133;42;48;83;128;315;327;262;160;58;58;69;74;77;53;22;25;3;3;19;66;134;98;317;1205;276;273;53
200712;11010103;11;01;01;03;2;1152;590;562;6;9;7;19;7;10;0;23;15;26;7;48;82;77;23;33;52;84;157;146;93;80;9;13;23;21;34;30;12;3;0;3;6;42;81;48;159;588;102;108;18
200712;11010204;11;01;02;04;2;8767;4324;4443;108;107;87;197;84;81;75;153;142;136;65;316;675;710;336;377;443;534;926;1014;672;433;156;132;131;176;201;125;92;58;18;7;108;475;652;316;1385;4302;721;633;175
200712;11010205;11;01;02;05;2;6631;3352;3279;65;70;56;128;72;54;58;96;84;82;53;206;491;525;254;273;369;346;685;805;597;362;96;117;132;158;220;117;33;24;3;0;65;326;427;206;1016;3329;575;627;60
200712;11010206;11;01;02;06;2;6121;2839;3282;52;75;56;106;51;56;45;77;69;82;38;196;386;500;177;212;300;305;546;743;548;387;150;108;143;156;234;175;98;38;9;3;52;288;367;196;886;2831;645;708;148
200712;11010207;11;01;02;07;2;6691;3104;3587;73;49;49;119;59;59;55;93;99;88;31;181;339;636;285;312;329;338;498;733;569;348;127;125;120;169;265;215;130;100;67;31;73;276;425;181;975;3064;600;769;328
200712;11010308;11;01;03;08;2;11169;5512;5657;95;104;108;172;78;71;79;116;115;110;68;298;532;951;376;388;512;490;834;1444;1253;839;273;237;273;334;446;260;156;93;49;15;95;462;559;298;1483;5297;1349;1313;313
200712;11010309;11;01;03;09;2;9408;4740;4668;102;83;88;170;85;63;91;155;128;156;76;287;449;754;365;416;491;533;824;1019;899;576;219;195;155;221;336;278;119;59;10;6;102;426;669;287;1203;4547;990;990;194
200712;11010310;11;01;03;10;2;5182;2610;2572;38;33;37;57;30;21;25;42;41;50;15;111;257;421;172;216;227;208;321;620;703;511;163;165;130;155;200;124;65;15;6;3;38;157;194;111;678;2467;839;609;89
200712;11020411;11;02;04;11;2;7355;3686;3669;40;75;39;83;51;37;58;85;86;99;35;203;376;442;176;240;344;420;631;800;628;601;252;234;267;323;319;228;118;53;9;3;40;248;400;203;818;3239;1087;1137;183
200712;11020412;11;02;04;12;2;5960;2789;3171;36;51;55;85;49;51;43;78;81;72;42;144;209;270;161;255;307;313;421;484;516;557;206;170;168;226;380;217;123;117;43;30;36;240;367;144;479;2457;933;991;313
200712;11020513;11;02;05;13;2;3312;1625;1687;30;19;33;46;22;15;18;58;45;51;15;115;153;122;67;106;169;260;337;282;262;265;109;106;96;131;133;102;70;45;24;6;30;120;202;115;275;1483;480;462;145
200712;11020514;11;02;05;14;2;7564;3607;3957;67;59;46;110;68;38;27;73;81;64;43;133;251;528;333;534;701;610;665;554;395;434;168;166;168;257;406;310;163;91;18;3;67;283;326;133;779;3792;768;1141;275
200712;11020515;11;02;05;15;2;13795;6607;7188;103;115;102;204;110;92;125;206;184;180;89;390;530;687;378;575;819;907;922;971;1011;1307;588;467;476;610;721;431;259;145;70;21;103;531;876;390;1217;5583;2362;2238;495
200712;11020516;11;02;05;16;2;3738;1824;1914;37;27;38;76;37;37;19;41;44;49;21;74;156;166;86;149;256;298;318;365;293;293;87;103;80;134;193;139;76;34;3;9;37;178;211;74;322;1765;483;546;122
200712;11030617;11;03;06;17;2;5891;2801;3090;42;45;46;94;35;21;34;64;59;58;27;115;210;441;187;258;274;370;323;316;267;383;302;275;291;393;431;235;161;70;48;16;42;220;263;115;651;1995;960;1350;295
200712;11030618;11;03;06;18;2;15056;7207;7849;78;101;97;203;109;86;102;146;148;148;91;349;549;930;453;605;833;809;984;984;830;1132;589;622;643;970;1168;721;350;171;31;24;78;510;721;349;1479;5498;2343;3502;576
200712;11030619;11;03;06;19;2;9936;4784;5152;56;84;70;128;62;63;59;110;133;104;50;247;442;688;308;382;520;624;632;658;530;613;409;440;445;577;705;380;222;132;40;23;56;344;519;247;1130;3654;1462;2107;417
200712;11030720;11;03;07;20;2;2929;1918;1011;21;12;18;32;4;13;13;22;9;15;12;58;150;399;177;210;199;231;292;315;286;168;73;32;19;43;36;37;12;15;3;3;21;66;84;58;549;1710;273;135;33
200712;11030721;11;03;07;21;2;19260;9478;9782;163;193;165;301;134;112;101;174;197;151;97;375;622;1620;1053;1570;1658;1450;1581;1375;1121;940;381;352;422;602;896;622;353;301;128;50;163;793;832;375;2242;9808;1673;2542;832
200712;11030824;11;03;08;24;2;9874;4827;5047;89;88;98;126;87;67;75;139;148;135;75;287;452;711;353;532;577;596;757;689;568;552;326;400;347;538;578;292;143;33;13;3;89;399;639;287;1163;4072;1278;1755;192
200712;11040925;11;04;09;25;2;3051;1625;1426;58;40;38;90;37;22;21;49;36;31;18;66;89;298;199;373;460;325;323;175;124;66;24;16;13;23;18;12;4;3;0;0;58;205;177;66;387;1979;106;66;7
200712;11040926;11;04;09;26;2;24155;12240;11915;239;212;222;377;169;153;133;252;245;206;90;442;903;2142;1451;2031;2037;1718;1772;1691;1554;1398;584;483;478;746;1021;685;420;228;67;6;239;980;1079;442;3045;12254;2465;2930;721
200712;11041022;11;04;10;22;2;4856;2406;2450;30;22;15;63;24;36;27;42;27;58;21;83;137;306;160;200;297;263;331;320;278;226;88;181;210;387;516;293;144;49;10;12;30;124;211;83;443;1849;495;1406;215
200712;11041023;11;04;10;23;2;5536;2696;2840;47;64;49;96;35;33;34;94;78;84;28;132;235;348;199;298;315;295;369;375;447;458;163;163;150;212;252;192;138;97;43;13;47;244;351;132;583;2298;784;806;291
200712;11041027;11;04;10;27;2;2749;1331;1418;12;26;26;40;22;33;15;50;31;28;9;95;90;189;114;134;174;154;175;227;244;190;87;49;57;113;109;81;74;55;23;23;12;114;166;95;279;1222;326;360;175
200712;11041128;11;04;11;28;2;24592;11609;12983;150;150;181;276;131;146;145;266;246;188;147;425;796;1432;683;977;1145;1242;1523;1483;1310;1531;854;956;1142;1782;2445;1473;796;375;135;61;150;738;1138;425;2228;8363;3341;6842;1367
200712;11051229;11;05;12;29;2;2272;1168;1104;34;22;42;61;24;24;16;36;28;18;9;31;63;124;62;112;172;238;204;181;150;144;51;56;54;75;95;86;41;10;9;0;34;149;131;31;187;1119;251;310;60
200712;11051330;11;05;13;30;2;7168;3377;3791;86;77;72;111;38;63;59;102;96;56;36;121;234;566;308;542;595;646;672;569;427;314;130;138;129;207;248;243;157;100;16;10;86;298;412;121;800;3759;582;827;283
200712;11051331;11;05;13;31;2;8823;4246;4577;70;74;83;181;85;74;72;157;138;118;37;257;314;380;192;263;536;729;862;731;647;529;235;228;297;449;492;272;186;83;46;6;70;423;596;257;694;3960;992;1510;321
200712;11051332;11;05;13;32;2;4904;2416;2488;56;57;56;113;65;45;49;113;76;68;23;128;162;162;124;208;318;454;528;431;311;282;96;121;120;133;219;165;127;58;30;6;56;291;374;128;324;2374;499;637;221
200712;12103115;12;10;31;15;2;7014;3423;3591;64;52;70;103;55;54;40;95;104;98;39;143;220;448;230;276;457;497;630;548;453;482;202;156;171;308;416;288;190;89;33;3;64;280;430;143;668;3091;840;1183;315
200712;12103116;12;10;31;16;2;8408;4116;4292;99;79;53;151;102;99;63;186;178;147;76;246;304;440;267;350;561;635;790;729;536;477;225;166;184;301;364;247;181;117;29;26;99;385;749;246;744;3868;868;1096;353
200712;12103117;12;10;31;17;2;8954;4419;4535;88;90;88;161;60;87;85;150;145;156;79;230;303;483;244;407;612;682;775;662;672;587;286;239;233;314;461;244;175;112;26;18;88;399;702;230;786;4054;1112;1252;331
200712;12103218;12;10;32;18;2;12023;5710;6313;83;91;95;188;83;94;90;227;229;194;104;420;365;597;306;451;647;836;1056;949;768;736;372;327;333;568;651;417;341;243;119;43;83;457;938;420;962;5013;1435;1969;746
200712;12103219;12;10;32;19;2;7895;3635;4260;64;51;64;137;47;39;66;91;97;119;52;169;248;440;253;319;404;463;617;598;484;559;223;225;246;326;493;344;282;203;117;55;64;299;464;169;688;3138;1007;1409;657
200712;12103220;12;10;32;20;2;4367;2037;2330;28;34;29;36;26;18;31;48;63;49;41;87;107;200;119;184;233;303;360;349;316;283;151;111;134;256;321;191;161;59;16;23;28;125;250;87;307;1864;545;902;259
200712;12214125;12;21;41;25;2;6056;3082;2974;36;35;45;65;44;21;24;101;98;108;55;192;198;251;107;167;303;388;606;548;434;524;269;245;226;284;329;133;139;47;28;6;36;189;407;192;449;2553;1038;972;220
200712;12214126;12;21;41;26;2;7468;3480;3988;51;61;69;111;65;52;74;104;132;149;58;223;211;362;176;277;418;502;592;629;442;506;256;234;244;354;396;306;239;116;40;19;51;306;569;223;573;3036;996;1300;414
200712;12214421;12;21;44;21;2;2173;1052;1121;25;12;9;31;9;3;16;22;21;27;13;56;69;105;57;106;138;161;175;180;153;148;60;74;72;78;129;106;84;18;9;7;25;61;102;56;174;970;282;385;118
200712;12214422;12;21;44;22;2;7137;3507;3630;78;67;86;137;90;70;93;137;151;161;84;264;261;389;205;303;518;488;605;477;379;426;201;168;218;317;326;208;115;84;22;9;78;380;696;264;650;2975;795;1069;230
200712;12214423;12;21;44;23;2;5409;2575;2834;36;43;34;83;34;35;36;66;67;82;25;142;181;225;128;153;249;338;381;432;340;438;210;202;207;355;451;201;127;63;40;5;36;194;311;142;406;2021;850;1214;235
200712;12214424;12;21;44;24;2;9256;4589;4667;69;100;84;163;58;79;56;149;169;152;76;235;352;546;291;415;604;670;841;767;610;621;264;234;271;345;455;246;187;114;27;6;69;405;681;235;898;4198;1119;1317;334
200712;12214527;12;21;45;27;2;10015;4632;5383;68;70;60;94;66;71;74;137;169;139;82;232;261;392;243;295;581;773;894;772;641;721;391;340;336;506;591;406;285;216;76;33;68;290;672;232;653;4199;1452;1839;610
200712;12214528;12;21;45;28;2;182;85;97;6;0;0;0;6;0;0;4;3;6;0;7;20;39;6;24;10;12;12;9;3;3;0;0;6;6;0;0;0;0;0;0;6;6;13;7;59;76;3;12;0
200712;12224229;12;22;42;29;2;6009;2939;3070;39;31;39;79;56;53;52;111;115;107;46;200;209;164;75;108;200;329;528;501;439;529;279;269;246;362;388;213;120;86;19;17;39;205;484;200;373;2180;1077;1209;242
200712;12224230;12;22;42;30;2;17685;8583;9102;95;102;116;261;137;169;182;334;356;348;189;601;617;579;258;271;569;964;1625;1606;1444;1655;708;662;656;873;1077;539;341;259;68;24;95;616;1578;601;1196;6737;3025;3145;692
200712;12231101;12;23;11;01;2;16579;7937;8642;94;104;97;265;119;159;143;318;308;337;163;517;519;507;239;336;580;976;1456;1315;1173;1431;748;689;641;873;1036;635;423;257;82;39;94;585;1428;517;1026;6075;2868;3185;801
200712;12231102;12;23;11;02;2;17049;8147;8902;89;121;125;294;152;185;193;385;379;328;143;507;485;456;181;304;542;1037;1464;1336;1199;1335;685;731;717;923;1112;634;503;333;117;54;89;692;1613;507;941;6063;2751;3386;1007
200712;12301203;12;30;12;03;2;12932;6470;6462;62;80;63;166;89;64;92;112;192;190;102;337;358;620;261;424;591;794;1199;1036;946;891;516;462;493;725;851;520;336;240;68;52;62;398;752;337;978;5251;1869;2589;696
200712;12301204;12;30;12;04;2;5897;2792;3105;18;31;48;63;47;43;53;143;131;137;71;234;185;208;102;121;167;381;587;561;442;424;209;241;196;274;342;162;139;87;38;12;18;189;578;234;393;2361;874;974;276
200712;12301205;12;30;12;05;2;4933;2323;2610;44;42;21;73;47;59;41;99;84;85;36;147;170;186;92;130;212;335;415;392;378;380;183;163;178;226;233;171;164;86;46;15;44;183;404;147;356;1954;726;808;311
200712;12301206;12;30;12;06;2;4956;2438;2518;16;24;26;61;45;37;43;96;109;111;49;193;194;180;60;83;177;306;403;444;426;429;196;194;204;262;280;143;97;52;10;6;16;156;445;193;374;1899;819;889;165
200712;12302107;12;30;21;07;2;2865;1384;1481;9;18;15;40;18;9;21;56;61;39;49;120;111;120;31;46;88;179;235;247;218;246;125;122;102;142;200;94;73;22;6;3;9;91;235;120;231;1044;493;538;104
200712;12302108;12;30;21;08;2;13193;6097;7096;138;125;131;292;125;134;146;296;271;321;149;430;512;491;285;363;611;790;844;874;745;948;504;476;501;670;841;519;346;175;87;53;138;673;1317;430;1003;4512;1928;2531;661
200712;12302109;12;30;21;09;2;10265;4855;5410;119;133;133;274;144;134;130;284;259;262;123;398;413;491;211;368;618;616;680;656;569;664;328;312;287;427;540;332;188;111;49;12;119;684;1192;398;904;3718;1304;1586;360
200712;12302110;12;30;21;10;2;9116;4296;4820;89;117;88;205;103;123;104;228;253;244;90;399;384;370;196;299;422;598;710;689;551;565;260;273;268;401;516;274;166;100;21;10;89;513;1042;399;754;3465;1098;1459;297
200712;12302211;12;30;22;11;2;3301;1539;1762;6;24;6;38;12;17;18;59;52;55;30;118;114;99;70;63;136;160;299;271;198;291;129;128;149;187;257;157;82;41;25;10;6;80;231;118;213;1197;548;750;158
200712;12302212;12;30;22;12;2;5169;2487;2682;46;51;44;83;61;45;52;116;113;136;70;205;206;223;121;147;254;308;427;401;316;292;151;186;193;238;335;180;85;57;21;6;46;239;532;205;429;1974;629;946;169
200712;12304313;12;30;43;13;2;6151;3043;3108;42;19;45;86;30;49;30;70;96;106;49;151;183;266;138;220;332;460;656;516;415;419;201;182;223;275;379;222;165;77;43;6;42;180;400;151;449;2737;802;1099;291
200712;12304314;12;30;43;14;2;9692;4448;5244;66;22;42;144;61;68;74;169;128;146;50;272;229;337;217;256;427;591;880;739;658;749;393;357;398;477;616;462;355;227;67;15;66;269;635;272;566;3768;1499;1953;664
